id,title,description,availability,condition,price,link,image_link,brand,google_product_category,fb_product_category,quantity_to_sell_on_facebook,sale_price,sale_price_effective_date,item_group_id,gender,color,size,age_group,material,pattern,shipping,shipping_weight,offer_disclaimer,offer_disclaimer_url,video[0].url,video[0].tag[0],gtin,product_tags[0],product_tags[1],style[0],additional_image_link
18645L,Copo Térmico 473 ml c/ Tampa,"Copo térmico de inox com acabamento liso e capacidade 500ml, material livre de BPA. Contém tampa com abridor.",in stock,new,100.00 BRL,https://giftwebbrindes.com.br/categoria/copos,https://ozkbfxvouxgsdthnweyr.supabase.co/storage/v1/object/public/site-images/topprodutos/4a3c9692-5827-4d79-b123-1de30a77b36b.png,Gift Web,,,999,,,,,,,,,,,,,,,,,copos-cafe-cerveja,,,https://ozkbfxvouxgsdthnweyr.supabase.co/storage/v1/object/public/site-images/topprodutos/18645l/18645l_2.jpg
14726L,Copo Térmico Cuia 350 ml,"Copo térmico de capacidade de 320ml, feito em inox, com parede dupla e tampa plástica (livre de BPA) com bocal para um consumo mais rápido e prático.",in stock,new,100.00 BRL,https://giftwebbrindes.com.br/categoria/copos,https://ozkbfxvouxgsdthnweyr.supabase.co/storage/v1/object/public/catalogo-meta/14726L-1-v1.jpg,Gift Web,,,999,,,,,,,,,,,,,,,,,copos,,,https://ozkbfxvouxgsdthnweyr.supabase.co/storage/v1/object/public/catalogo-meta/14726L-2-v1.jpg
18749,Copo Térmico 400 ml c/ Caixa de Som,"Copo térmico de inox com caixa de som e capacidade 400ml. Contém tampa com abridor. Caixa de som bluetooth com botão para ligar/desligar, botões para aumentar diminuir volume/ avançar e retroceder faixas. Acompanha cabo USB Tipo-C. Obs.: A caixa de som não é a prova dágua, para a higienização do copo é necessário desrosquear a caixa de som para remove-la.",in stock,new,100.00 BRL,https://giftwebbrindes.com.br/produto/copo-termico-400ml-c-caixa-de-som-18749-vm,https://ozkbfxvouxgsdthnweyr.supabase.co/storage/v1/object/public/catalogo-meta/18749-1-v1.jpg,Gift Web,,,999,,,,,,,,,,,,,,,,,copos,,,https://ozkbfxvouxgsdthnweyr.supabase.co/storage/v1/object/public/catalogo-meta/18749-2-v1.jpg
04080,Copo Térmico Inox 473 ml (linha alternativa),Copo térmico de inox com capacidade para 473ml.,in stock,new,100.00 BRL,https://giftwebbrindes.com.br/produto/copo-termico-de-inox-473ml-04080-azu,https://ozkbfxvouxgsdthnweyr.supabase.co/storage/v1/object/public/catalogo-meta/04080-1-v1.jpg,Gift Web,,,999,,,,,,,,,,,,,,,,,copos,,,https://ozkbfxvouxgsdthnweyr.supabase.co/storage/v1/object/public/catalogo-meta/04080-2-v1.jpg
13803N,Sacola de Algodão,Sacola de algodão com alças costuradas na parte interna.,in stock,new,100.00 BRL,https://giftwebbrindes.com.br/categoria/sacolas,https://ozkbfxvouxgsdthnweyr.supabase.co/storage/v1/object/public/catalogo-meta/13803N-1-v1.jpg,Gift Web,,,999,,,,,,,,,,,,,,,,,sacolas,,,
15452N,Sacola TNT Metalizada,"Sacola confeccionada em TNT com revestimento externo metalizado, costura termo-selada e duas alças.",in stock,new,100.00 BRL,https://giftwebbrindes.com.br/produto/sacola-tnt-metalizado-15452n-vm,https://ozkbfxvouxgsdthnweyr.supabase.co/storage/v1/object/public/catalogo-meta/15452N-1-v1.jpg,Gift Web,,,999,,,,,,,,,,,,,,,,,sacolas,,,https://ozkbfxvouxgsdthnweyr.supabase.co/storage/v1/object/public/catalogo-meta/15452N-2-v1.jpg
18601,Sacochila em Poliéster,"Mochila saco em poliéster resistente à água com alças ajustáveis em nylon, bolso frontal com fechamento em zíper e entrada para fones de ouvido.",in stock,new,100.00 BRL,https://giftwebbrindes.com.br/produto/sacochila-poliester-18601-vd,https://ozkbfxvouxgsdthnweyr.supabase.co/storage/v1/object/public/site-images/topprodutos/18601/18601_1.jpg,Gift Web,,,999,,,,,,,,,,,,,,,,,mochilas-bolsa-necessaire,,,https://ozkbfxvouxgsdthnweyr.supabase.co/storage/v1/object/public/site-images/topprodutos/18601/18601_2.jpg
18845,Sacola de Lona,"Resistência e design minimalista. Nossa sacola de lona é a escolha ideal para quem busca robustez com estilo moderno. Com alças reforçadas e estrutura de 474g/m², essa sacola oferece ampla profundidade, perfeita para transportar diversos itens sem comprometer a resistência.",in stock,new,100.00 BRL,https://giftwebbrindes.com.br/produto/sacola-de-lona-18845-vd,https://ozkbfxvouxgsdthnweyr.supabase.co/storage/v1/object/public/catalogo-meta/18845-1-v1.jpg,Gift Web,,,999,,,,,,,,,,,,,,,,,sacolas,,,https://ozkbfxvouxgsdthnweyr.supabase.co/storage/v1/object/public/catalogo-meta/18845-2-v1.jpg
04399,Sacola de Algodão (linha 04399),Sacola de algodão 300g/m² com alças costuradas na parte interna.,in stock,new,100.00 BRL,https://giftwebbrindes.com.br/produto/sacola-de-algodao-04399-beg,https://ozkbfxvouxgsdthnweyr.supabase.co/storage/v1/object/public/site-images/topprodutos/04399/04399_1.jpg,Gift Web,,,999,,,,,,,,,,,,,,,,,sacola-tnt-algodao,,,https://ozkbfxvouxgsdthnweyr.supabase.co/storage/v1/object/public/site-images/topprodutos/04399/04399_2.jpg
02082N,Sacola de TNT sem Alça,Sacola de tnt sem alça com costura termo selada.,in stock,new,100.00 BRL,https://giftwebbrindes.com.br/categoria/sacolas,https://ozkbfxvouxgsdthnweyr.supabase.co/storage/v1/object/public/site-images/topprodutos/02082N/02082N_1.jpg,Gift Web,,,999,,,,,,,,,,,,,,,,,sacola-tnt-algodao,,,https://ozkbfxvouxgsdthnweyr.supabase.co/storage/v1/object/public/site-images/topprodutos/02082N/02082N_2.jpg
18505,Sacochila TNT,Sacochila TNT — Sacochilas e Sacolas,in stock,new,100.00 BRL,https://giftwebbrindes.com.br/produto/sacochila-tnt-18505-vd,https://ozkbfxvouxgsdthnweyr.supabase.co/storage/v1/object/public/catalogo-meta/18505-1-v1.jpg,Gift Web,,,999,,,,,,,,,,,,,,,,,mochilas-e-sacochilas,,,https://ozkbfxvouxgsdthnweyr.supabase.co/storage/v1/object/public/catalogo-meta/18505-2-v1.jpg
18986,Boné Poliéster Aba Curva,Boné de aba curva confeccionado em poliéster e tela respirável em nylon. Possui fecho plástico de fácil ajuste na parte posterior.,in stock,new,100.00 BRL,https://giftwebbrindes.com.br/produto/bone-poliester-aba-curva-com-tela-18986-vd,https://ozkbfxvouxgsdthnweyr.supabase.co/storage/v1/object/public/catalogo-meta/18986-1-v1.jpg,Gift Web,,,999,,,,,,,,,,,,,,,,,outros,,,https://ozkbfxvouxgsdthnweyr.supabase.co/storage/v1/object/public/catalogo-meta/18986-2-v1.jpg
sem-sku-camiseta-100-algodao-fio-30-1,Camiseta 100% Algodão (fio 30.1),Camiseta 100% Algodão (fio 30.1) — Camisetas e Uniformes,in stock,new,100.00 BRL,https://giftwebbrindes.com.br/produtos,https://ozkbfxvouxgsdthnweyr.supabase.co/storage/v1/object/public/catalogo-meta/sem-sku-camiseta-100-algodao-fio-30-1-1-v1.jpg,Gift Web,,,999,,,,,,,,,,,,,,,,,,,,https://ozkbfxvouxgsdthnweyr.supabase.co/storage/v1/object/public/catalogo-meta/sem-sku-camiseta-100-algodao-fio-30-1-2-v1.jpg
sem-sku-camisa-gola-polo-masc-e-fem,Camisa Gola Polo (masc. e fem.),Camisa Gola Polo (masc. e fem.) — Camisetas e Uniformes,in stock,new,100.00 BRL,https://giftwebbrindes.com.br/produtos,https://ozkbfxvouxgsdthnweyr.supabase.co/storage/v1/object/public/catalogo-meta/sem-sku-camisa-gola-polo-masc-e-fem-1-v1.jpg,Gift Web,,,999,,,,,,,,,,,,,,,,,,,,https://ozkbfxvouxgsdthnweyr.supabase.co/storage/v1/object/public/catalogo-meta/sem-sku-camisa-gola-polo-masc-e-fem-2-v1.jpg
sem-sku-camiseta-dry-fit,Camiseta Dry Fit,Camiseta Dry Fit — Camisetas e Uniformes,in stock,new,100.00 BRL,https://giftwebbrindes.com.br/produtos,https://ozkbfxvouxgsdthnweyr.supabase.co/storage/v1/object/public/catalogo-meta/sem-sku-camiseta-dry-fit-1-v1.jpg,Gift Web,,,999,,,,,,,,,,,,,,,,,,,,https://ozkbfxvouxgsdthnweyr.supabase.co/storage/v1/object/public/catalogo-meta/sem-sku-camiseta-dry-fit-2-v1.jpg
14092N,Caderneta Moleskine c/ Pauta,"Caderneta emborrachada com porta caneta elástico em nylon, marcador de página em cetim e fita elástica de nylon para fechar. Contém aproximadamente 80 folhas pardas pautadas.",in stock,new,100.00 BRL,https://giftwebbrindes.com.br/categoria/cadernetas,https://ozkbfxvouxgsdthnweyr.supabase.co/storage/v1/object/public/catalogo-meta/14092N-1-v1.jpg,Gift Web,,,999,,,,,,,,,,,,,,,,,cadernetas,,,https://ozkbfxvouxgsdthnweyr.supabase.co/storage/v1/object/public/catalogo-meta/14092N-2-v1.jpg
08203,Caderno Fichário PU,"Organize todas as anotações de forma prática com o nosso caderno fichário em PU. Com um design super elegante, ele tem capa dura no formato A5 e um fechamento de fivela imantado que protege as 119 folhas em papel marfim. Os seis anéis permitem retirar e reorganizar as folhas sempre que precisarem, deixando tudo do seu jeito. E para completar, a primeira folha traz um espaço especial para dados pessoais. Esse caderno fichário é a escolha perfeita para manter tudo organizado e com muita sofisticação.",in stock,new,100.00 BRL,https://giftwebbrindes.com.br/produto/caderno-fichario-pu-08203-vd,https://ozkbfxvouxgsdthnweyr.supabase.co/storage/v1/object/public/catalogo-meta/08203-1-v1.jpg,Gift Web,,,999,,,,,,,,,,,,,,,,,cadernos,,,https://ozkbfxvouxgsdthnweyr.supabase.co/storage/v1/object/public/catalogo-meta/08203-2-v1.jpg
07050,Kit para Anotações c/ Caneta,"Para quem busca registrar anotações de forma prática e acessível, nosso Kit para Anotações com Caneta é a escolha perfeita. Com aproximadamente 112 folhas amarelas pautadas e feito em couro sintético, o kit vem acompanhado de uma caneta metálica com carga esferográfica azul e um porta-caneta que também serve como fecho para o kit. Além disso, conta com um compartimento na parte de trás para cartões ou documentos. Prático e funcional na hora de organizar seus planejamentos!",in stock,new,100.00 BRL,https://giftwebbrindes.com.br/produto/kit-para-anotacoes-com-caneta-07050-vm,https://ozkbfxvouxgsdthnweyr.supabase.co/storage/v1/object/public/catalogo-meta/07050-1-v1.jpg,Gift Web,,,999,,,,,,,,,,,,,,,,,canetas,,,https://ozkbfxvouxgsdthnweyr.supabase.co/storage/v1/object/public/catalogo-meta/07050-2-v1.jpg
05071,Caderno A5 Plástico,"Caderno A5 plástico com wire-o metálico. Capa em PP, contém aproximadamente 80 folhas brancas com pauta.",in stock,new,100.00 BRL,https://giftwebbrindes.com.br/produto/caderno-a5-plastico-05071-vm,https://ozkbfxvouxgsdthnweyr.supabase.co/storage/v1/object/public/site-images/topprodutos/05071/05071_1.jpg,Gift Web,,,999,,,,,,,,,,,,,,,,,caderneta-caneta,,,https://ozkbfxvouxgsdthnweyr.supabase.co/storage/v1/object/public/site-images/topprodutos/05071/05071_2.jpg
13708,Caderno Capa Emborrachada,Caderno emborrachado de frente e verso lisa com espiral preto.,in stock,new,100.00 BRL,https://giftwebbrindes.com.br/produto/caderno-capa-emborrachada-13708-vd,https://ozkbfxvouxgsdthnweyr.supabase.co/storage/v1/object/public/site-images/topprodutos/13708/13708_1.jpg,Gift Web,,,999,,,,,,,,,,,,,,,,,caderneta-caneta,,,https://ozkbfxvouxgsdthnweyr.supabase.co/storage/v1/object/public/site-images/topprodutos/13708/13708_2.jpg
14728P,Caderneta Percalux,"Caderneta em percalux com porta caneta, marcador de página em cetim e fita elástica para fechar. Contém aproximadamente 80 folhas com pauta.",in stock,new,100.00 BRL,https://giftwebbrindes.com.br/categoria/cadernetas,https://ozkbfxvouxgsdthnweyr.supabase.co/storage/v1/object/public/catalogo-meta/14728P-1-v1.jpg,Gift Web,,,999,,,,,,,,,,,,,,,,,cadernetas,,,https://ozkbfxvouxgsdthnweyr.supabase.co/storage/v1/object/public/catalogo-meta/14728P-2-v1.jpg
10889,Kit Executivo Caderneta + Caneta,"Kit executivo 2 peças em estojo de papelão com tampa e parte interna revestida de espuma. Contém: caneta metal preta com anel, detalhes em prata e escrita preta caderneta emborrachada com aproximadamente 80 folhas amarelas com pauta. Acompanha placa metálica para gravação.",in stock,new,100.00 BRL,https://giftwebbrindes.com.br/produto/kit-caneta-e-caderneta-tipo-moleskine-10889-pre,https://ozkbfxvouxgsdthnweyr.supabase.co/storage/v1/object/public/catalogo-meta/10889-1-v1.jpg,Gift Web,,,999,,,,,,,,,,,,,,,,,cadernetas,,,
08103,Caneta Metal Touch,"Para anotar cada detalhe com elegância. Nossa Caneta Metálica Touchscreen une sofisticação e praticidade em cada movimento. Com seu acabamento brilhante e acionamento por clique, ela possui carga esferográfica azul de 1.0mm, garantindo uma escrita precisa. Além disso, com a ponta touchscreen é possível utilizá-la em dispositivos eletrônicos sem tocar diretamente na tela, evitando manchas indesejadas.",in stock,new,100.00 BRL,https://giftwebbrindes.com.br/produto/caneta-metal-touch-08103-vm,https://ozkbfxvouxgsdthnweyr.supabase.co/storage/v1/object/public/catalogo-meta/08103-1-v1.jpg,Gift Web,,,999,,,,,,,,,,,,,,,,,canetas,,,https://ozkbfxvouxgsdthnweyr.supabase.co/storage/v1/object/public/catalogo-meta/08103-2-v1.jpg
19029,Kit Executivo 2 Peças,Kit executivo composto por uma caderneta e uma caneta.,in stock,new,100.00 BRL,https://giftwebbrindes.com.br/produto/kit-executivo-2-pecas-19029-vd,https://ozkbfxvouxgsdthnweyr.supabase.co/storage/v1/object/public/site-images/topprodutos/19029/19029_1.jpg,Gift Web,,,999,,,,,,,,,,,,,,,,,caderneta-caneta,,,https://ozkbfxvouxgsdthnweyr.supabase.co/storage/v1/object/public/site-images/topprodutos/19029/19029_2.jpg
07048,Kit Executivo Ecológico 3 Peças,"Kit executivo ecológico 3 peças em estojo de papelão. Contém: chaveiro de bambu com detalhe em metal, caderneta em bambu, capa dura, com aproximadamente 65 folhas brancas pautadas, caneta de bambu com clipe metálico, elástico para lacre e suporte para caneta em nylon.",in stock,new,100.00 BRL,https://giftwebbrindes.com.br/produto/kit-executivo-ecologico-3-pecas-07048-pre,https://ozkbfxvouxgsdthnweyr.supabase.co/storage/v1/object/public/catalogo-meta/07048-1-v1.jpg,Gift Web,,,999,,,,,,,,,,,,,,,,,kit-executivo,,,
19144,Kit Executivo 2 Peças (linha 19144),Kit executivo composto por dois itens: uma caderneta e uma caneta.,in stock,new,100.00 BRL,https://giftwebbrindes.com.br/produto/kit-executivo-2-pecas-19144-vm,https://ozkbfxvouxgsdthnweyr.supabase.co/storage/v1/object/public/site-images/topprodutos/19144/19144_1.jpg,Gift Web,,,999,,,,,,,,,,,,,,,,,caderneta-caneta,,,https://ozkbfxvouxgsdthnweyr.supabase.co/storage/v1/object/public/site-images/topprodutos/19144/19144_2.jpg
ER143B,Caneta Metal,Caneta metálica com carga esferográfica azul 1.0mm e acionamento por clique.,in stock,new,100.00 BRL,https://giftwebbrindes.com.br/categoria/canetas,https://ozkbfxvouxgsdthnweyr.supabase.co/storage/v1/object/public/site-images/topprodutos/ER143B/ER143B_1.jpg,Gift Web,,,999,,,,,,,,,,,,,,,,,caderneta-caneta,,,https://ozkbfxvouxgsdthnweyr.supabase.co/storage/v1/object/public/site-images/topprodutos/ER143B/ER143B_2.jpg
07447,Kit Churrasco 2 Peças no Estojo,"Kit churrasco 2 peças com estojo, contém faca e garfo. Estojo com alça para transporte e área interna com elástico de fixação para os utensílios.",in stock,new,100.00 BRL,https://giftwebbrindes.com.br/produto/kit-churrasco-no-estojo-c-2-pcs-07447-mad,https://ozkbfxvouxgsdthnweyr.supabase.co/storage/v1/object/public/site-images/topprodutos/07447/07447_1.jpg,Gift Web,,,999,,,,,,,,,,,,,,,,,kit-churrasco-vinho,,,https://ozkbfxvouxgsdthnweyr.supabase.co/storage/v1/object/public/site-images/topprodutos/07447/07447_2.jpg
12089,Kit Talheres p/ Churrasco 8 Peças,"Kit churrasco 8 peças com cabo em bambu, lâminas em aço inox e avental de nylon. Acompanha tábua em bambu com canaleta, 3 facas de corte e uma faca de serra cabo, chaira, garfo e avental prata com bolso. Acomodados em uma maleta de nylon preta. Rebites em Aço Inox, um dos mais resistentes à ferrugem e corrosão.",in stock,new,100.00 BRL,https://giftwebbrindes.com.br/produto/kit-talheres-p-churrasco-c-8-pecas-12089-mad,https://ozkbfxvouxgsdthnweyr.supabase.co/storage/v1/object/public/catalogo-meta/12089-1-v1.jpg,Gift Web,,,999,,,,,,,,,,,,,,,,,kits,,,
01644,Kit Churrasco na Maleta 4 Peças,"Kit churrasco 4 peças em maleta de alumínio com travas de segurança, contém: espátula, pegador, garfo e faca em inox. Parte interna da maleta com revestimento em tnt e suportes de velcro para fixação das peças.",in stock,new,100.00 BRL,https://giftwebbrindes.com.br/produto/kit-churrasco-na-maleta-4-pecas-01644-pra,https://ozkbfxvouxgsdthnweyr.supabase.co/storage/v1/object/public/catalogo-meta/01644-1-v1.jpg,Gift Web,,,999,,,,,,,,,,,,,,,,,kit-churrasco,,,
18891,Kit Churrasco 3 Peças,"O kit essencial para um churrasco perfeito! Composto por uma faca de 8 polegadas, garfo e pegador, este kit combina praticidade e qualidade em um só conjunto.",in stock,new,100.00 BRL,https://giftwebbrindes.com.br/produto/kit-churrasco-3-pecas-18891-pre,https://ozkbfxvouxgsdthnweyr.supabase.co/storage/v1/object/public/site-images/topprodutos/18891/18891_1.jpg,Gift Web,,,999,,,,,,,,,,,,,,,,,kit-churrasco-vinho,,,https://ozkbfxvouxgsdthnweyr.supabase.co/storage/v1/object/public/site-images/topprodutos/18891/18891_2.jpg
18857,Marmita Hermética Palha de Trigo c/ Talher,"Prática e completa, esta marmita feita em palha de trigo e polipropileno atóxico, livre de BPA e com capacidade de 900ml, possui tampa hermética que evita vazamentos e mantém os alimentos frescos por mais tempo e prontos para consumo. Com 2 divisórias internas, ela facilita a organização das refeições, separando cada item sem misturar os sabores. Na parte superior da tampa, você encontra um compartimento plástico onde ficam os talheres: garfo, faca e colher. Perfeita para levar refeições completas com facilidade e organização.",in stock,new,100.00 BRL,https://giftwebbrindes.com.br/produto/marmita-hermetica-de-palha-de-trigo-18857-beg,https://ozkbfxvouxgsdthnweyr.supabase.co/storage/v1/object/public/catalogo-meta/18857-1-v1.jpg,Gift Web,,,999,,,,,,,,,,,,,,,,,marmitas,,,
03493,Kit Vinho p/ 1 Garrafa,"Kit vinho 4 peças em maleta de couro sintético. Contém saca-rolhas metálico, bico condutor com tampa, cortador de lacre e wine colar. Maleta com alça, trava de segurança e parte interna revestida de veludo com área de acomodação para garrafa.",in stock,new,100.00 BRL,https://giftwebbrindes.com.br/produto/kit-vinho-p-1-garrafa-03493-pre,https://ozkbfxvouxgsdthnweyr.supabase.co/storage/v1/object/public/catalogo-meta/03493-1-v1.jpg,Gift Web,,,999,,,,,,,,,,,,,,,,,kit-vinho,,,
10071G,Kit Vinho 2 Peças,"Kit vinho 2 peças em estojo com tampa, contém saca-rolhas metálico com lâmina de corte e abridor de garrafa e tampa de bico. Área interna do estojo com berço de espuma. Acompanha plaquinha metálica para personalização.",in stock,new,100.00 BRL,https://giftwebbrindes.com.br/categoria/kit-vinho,https://ozkbfxvouxgsdthnweyr.supabase.co/storage/v1/object/public/catalogo-meta/10071G-1-v1.jpg,Gift Web,,,999,,,,,,,,,,,,,,,,,kit-vinho,,,
18583,Tábua de Corte c/ Canaleta,Tábua de corte com canaleta e acesso para gancho.,in stock,new,100.00 BRL,https://giftwebbrindes.com.br/produto/tabua-de-corte-c-canaleta-28x22-18583-mad,https://ozkbfxvouxgsdthnweyr.supabase.co/storage/v1/object/public/catalogo-meta/18583-1-v1.jpg,Gift Web,,,999,,,,,,,,,,,,,,,,,tabuas-petisqueiras,,,
09080,Kit Vinho 5 Peças,"Kit vinho com cinco peças, incluindo: saca-rolhas em plástico e aço carbono com acionamento por botões alimentado por quatro pilhas AA (não...",in stock,new,100.00 BRL,https://giftwebbrindes.com.br/produto/kit-vinho-5-pecas-09080-pre,https://ozkbfxvouxgsdthnweyr.supabase.co/storage/v1/object/public/site-images/topprodutos/09080/09080_1.jpg,Gift Web,,,999,,,,,,,,,,,,,,,,,kit-churrasco-vinho,,,https://ozkbfxvouxgsdthnweyr.supabase.co/storage/v1/object/public/site-images/topprodutos/09080/09080_2.jpg
11871,Kit Vinho Plástico 3 Peças Formato Garrafa,"Kit vinho formato garrafa com 3 peças: wine collar, bico condutor com tampa e saca-rolhas metálico com lâmina de corte e abridor de garrafa.",in stock,new,100.00 BRL,https://giftwebbrindes.com.br/produto/kit-vinho-plastico-resistente-3-pecas-formato-garrafa-11871-pre,https://ozkbfxvouxgsdthnweyr.supabase.co/storage/v1/object/public/site-images/topprodutos/11871/11871_1.jpg,Gift Web,,,999,,,,,,,,,,,,,,,,,kit-churrasco-vinho,,,https://ozkbfxvouxgsdthnweyr.supabase.co/storage/v1/object/public/site-images/topprodutos/11871/11871_2.jpg
sem-sku-caixa-de-som-jbl-go-3,Caixa de Som JBL Go 3,"Caixa de Som JBL Go 3 — Som, Fones e Power Bank",in stock,new,100.00 BRL,https://giftwebbrindes.com.br/produtos,https://ozkbfxvouxgsdthnweyr.supabase.co/storage/v1/object/public/catalogo-meta/sem-sku-caixa-de-som-jbl-go-3-1-v1.jpg,Gift Web,,,999,,,,,,,,,,,,,,,,,,,,https://ozkbfxvouxgsdthnweyr.supabase.co/storage/v1/object/public/catalogo-meta/sem-sku-caixa-de-som-jbl-go-3-2-v1.jpg
05021,Fone Bluetooth c/ Case Carregador,"Fone de ouvido bluetooth com comandos touch e case carregador de fechamento magnético. Acompanha USB Lightning. Obs.: O CARREGAMENTO MÍNIMO DO PRODUTO DEVE SER DE 2 HORAS, PRESERVANDO DESTE MODO A SAÚDE DO PRODUTO E PROLONGANDO O SEU TEMPO DE VIDA ÚTIL.",in stock,new,100.00 BRL,https://giftwebbrindes.com.br/produto/fone-bluetooth-c-carregador-05021-bco,https://ozkbfxvouxgsdthnweyr.supabase.co/storage/v1/object/public/catalogo-meta/05021-1-v1.jpg,Gift Web,,,999,,,,,,,,,,,,,,,,,fones,,,
08219,Power Bank 10.000 mAh,"Nosso power bank 10.000mAh 4 em 1 é uma solução prática e eficiente para manter os dispositivos sempre carregados, mesmo quando estiver em movimento. Feito em plástico, possui cabos acoplados com saídas para: Lightning, tipo-C, micro-USB e USB. Apresenta entradas USB-C e micro-USB dedicados apenas para a recarga do aparelho, além de suporte lateral para celular integrado, além de duas lanternas para situações de emergência. Sua entrada micro-USB 5V=2.1A e saída USB 5V=2.1A, oferece um desempenh",in stock,new,100.00 BRL,https://giftwebbrindes.com.br/produto/power-bank-10-000mah-multissaidas-08219-vm,https://ozkbfxvouxgsdthnweyr.supabase.co/storage/v1/object/public/catalogo-meta/08219-1-v1.jpg,Gift Web,,,999,,,,,,,,,,,,,,,,,power-banks,,,https://ozkbfxvouxgsdthnweyr.supabase.co/storage/v1/object/public/catalogo-meta/08219-2-v1.jpg
12926AC,Caixa de Som Multimídia à Prova d'Água,"Caixa de Som Multimídia à prova D?Água emborrachada com ventosa(pode ser removida). Possui play/pause no centro e botão com desenho de telefone deve ser apertado para atender ligações. Compátivel com Iphone, Ipad, Ipod, aparelhos de celular e tablets. Acompanha cabo.",in stock,new,100.00 BRL,https://giftwebbrindes.com.br/categoria/outros,https://ozkbfxvouxgsdthnweyr.supabase.co/storage/v1/object/public/catalogo-meta/12926AC-1-v1.jpg,Gift Web,,,999,,,,,,,,,,,,,,,,,outros,,,https://ozkbfxvouxgsdthnweyr.supabase.co/storage/v1/object/public/catalogo-meta/12926AC-2-v1.jpg
06052,Power Bank 10.000mAh Indução/Cabo,Carregador portátil com capacidade para até 10.000mAh.,in stock,new,100.00 BRL,https://giftwebbrindes.com.br/produto/power-bank-10-000mah-com-carregamento-via-inducao-ou-via-cabo-06052-bco,https://ozkbfxvouxgsdthnweyr.supabase.co/storage/v1/object/public/site-images/topprodutos/06052/06052_1.jpg,Gift Web,,,999,,,,,,,,,,,,,,,,,som-power-bank,,,https://ozkbfxvouxgsdthnweyr.supabase.co/storage/v1/object/public/site-images/topprodutos/06052/06052_2.jpg
08002,Caixa de Som Bluetooth TWS,Caixa de som sem fio em inox com base emborrachada.,in stock,new,100.00 BRL,https://giftwebbrindes.com.br/produto/caixa-de-som-bluetooth-tws-08002-vm,https://ozkbfxvouxgsdthnweyr.supabase.co/storage/v1/object/public/site-images/topprodutos/08002/08002_1.jpg,Gift Web,,,999,,,,,,,,,,,,,,,,,som-power-bank,,,https://ozkbfxvouxgsdthnweyr.supabase.co/storage/v1/object/public/site-images/topprodutos/08002/08002_2.jpg
18501,Necessaire de Nylon,"Nécessaire multiuso em nylon resistente à água, fechamento em zíper e alça lateral de mão.",in stock,new,100.00 BRL,https://giftwebbrindes.com.br/produto/necessaire-de-nylon-18501-vd,https://ozkbfxvouxgsdthnweyr.supabase.co/storage/v1/object/public/site-images/topprodutos/18501/18501_1.jpg,Gift Web,,,999,,,,,,,,,,,,,,,,,mochilas-bolsa-necessaire,,,https://ozkbfxvouxgsdthnweyr.supabase.co/storage/v1/object/public/site-images/topprodutos/18501/18501_2.jpg
18753,Necessaire de Poliéster,"Nécessaire confeccionada em poliéster, com detalhes em couro sintético. Possui três compartimentos com zíper. Na parte interna, contém 5 bolsos, sendo dois de tela, e alça para transporte.",in stock,new,100.00 BRL,https://giftwebbrindes.com.br/produto/necessaire-de-poliester-18753-azu,https://ozkbfxvouxgsdthnweyr.supabase.co/storage/v1/object/public/catalogo-meta/18753-1-v1.jpg,Gift Web,,,999,,,,,,,,,,,,,,,,,outros,,,https://ozkbfxvouxgsdthnweyr.supabase.co/storage/v1/object/public/catalogo-meta/18753-2-v1.jpg
01618,Porta Joias,"Porta-joias quadrado em couro sintético com revestimento interno em tecido aveludado. Possui bolso elástico e três ganchos pequenos na parte interna da tampa, além de divisória multiuso e repartição almofadada com ranhuras para anéis, ambos localizadas no compartimento principal.",in stock,new,100.00 BRL,https://giftwebbrindes.com.br/produto/porta-joias-01618-vm,https://ozkbfxvouxgsdthnweyr.supabase.co/storage/v1/object/public/catalogo-meta/01618-1-v1.jpg,Gift Web,,,999,,,,,,,,,,,,,,,,,porta-joias,,,https://ozkbfxvouxgsdthnweyr.supabase.co/storage/v1/object/public/catalogo-meta/01618-2-v1.jpg
18507,Necessaire Organizadora,"Necessaire organizadora em tecido nylon Oxford, possui bolso frontal e alça superior, parte interna com gancho plástico bolso interno superior em nylon e bolso de tela ambos com zíper bolso inferior aberto de tela com 4 divisões de bolsos também em tela. Perfeita para lhe acompanhar em viagens e até mesmo transportar seus itens pessoais do dia a dia com organização e praticidade.",in stock,new,100.00 BRL,https://giftwebbrindes.com.br/produto/necessaire-organizadora-18507-azu,https://ozkbfxvouxgsdthnweyr.supabase.co/storage/v1/object/public/catalogo-meta/18507-1-v1.jpg,Gift Web,,,999,,,,,,,,,,,,,,,,,necessaires,,,https://ozkbfxvouxgsdthnweyr.supabase.co/storage/v1/object/public/catalogo-meta/18507-2-v1.jpg
18516,Necessaire em Poliéster Impermeável,"Nécessaire impermeável de poliéster com detalhes em couro sintético e parte interna com revestimento emborrachado, possui um “botão” no detalhe do...",in stock,new,100.00 BRL,https://giftwebbrindes.com.br/produto/necessaire-em-poliester-impermeavel-18516-vm-mar,https://ozkbfxvouxgsdthnweyr.supabase.co/storage/v1/object/public/site-images/topprodutos/18516/18516_1.jpg,Gift Web,,,999,,,,,,,,,,,,,,,,,mochilas-bolsa-necessaire,,,https://ozkbfxvouxgsdthnweyr.supabase.co/storage/v1/object/public/site-images/topprodutos/18516/18516_2.jpg
18650,Necessaire em PU,Nécessaire de poliuretano resistente à água.,in stock,new,100.00 BRL,https://giftwebbrindes.com.br/produto/necessaire-em-pu-18650-vd,https://ozkbfxvouxgsdthnweyr.supabase.co/storage/v1/object/public/site-images/topprodutos/18650/18650_1.jpg,Gift Web,,,999,,,,,,,,,,,,,,,,,mochilas-bolsa-necessaire,,,https://ozkbfxvouxgsdthnweyr.supabase.co/storage/v1/object/public/site-images/topprodutos/18650/18650_2.jpg
18928,Kit Viagem 10 Peças,"Este kit viagem oferece organização e praticidade em 10 peças essenciais para armazenar e aplicar produtos de higiene e beleza. Com frascos produzidos em PET, o kit contém 1 frasco spray de 60ml, 1 frasco com tampa rosqueável de 60ml, 1 frasco pump de 60ml com trava, 3 potinhos de 8ml, espátula, funil, escova de cabelo e pente 2 em 1 e uma esponja de nylon com alça, ideal para uso com sabonete líquido, deixando a pele mais suave e macia. Todas as peças vêm acomodadas em um estojo de PVC com alça, garantindo fácil transporte e um cuidado ideal para viagens ou eventos longe de casa.",in stock,new,100.00 BRL,https://giftwebbrindes.com.br/produto/kit-viagem-10-pecas-18928-bco,https://ozkbfxvouxgsdthnweyr.supabase.co/storage/v1/object/public/catalogo-meta/18928-1-v1.jpg,Gift Web,,,999,,,,,,,,,,,,,,,,,kit-viagem,,,https://ozkbfxvouxgsdthnweyr.supabase.co/storage/v1/object/public/catalogo-meta/18928-2-v1.jpg
18874,Kit Pincel Maquiagem 5 Peças,"Tudo o que você precisa para uma maquiagem perfeita! Com estojo prático em plástico com trava, espelho e 5 pincéis, é possível se maquiar a qualquer hora e lugar. Cada pincel tem uma função: o de corretivo para suavizar imperfeições, o de esfumar para um olhar natural, e o de batom para aplicação precisa. Esse kit é perfeito para deixar a beleza sempre em dia.",in stock,new,100.00 BRL,https://giftwebbrindes.com.br/produto/kit-pincel-5-pecas-18874-bco,https://ozkbfxvouxgsdthnweyr.supabase.co/storage/v1/object/public/catalogo-meta/18874-1-v1.jpg,Gift Web,,,999,,,,,,,,,,,,,,,,,kits,,,https://ozkbfxvouxgsdthnweyr.supabase.co/storage/v1/object/public/catalogo-meta/18874-2-v1.jpg
18724,Kit Manicure 16 Peças,"Kit manicure 16 peças em estojo de couro sintético estilo envelope, contém: tesoura, alicate de cutícula, pinça, 3 cortadores de unha, lixa, 2 bisturis, raspador, empurrador de cutícula, removedor de cutícula, espátula dupla para limpeza das unhas, limpador de ouvido, palito de unha e espátula para ouvido.",in stock,new,100.00 BRL,https://giftwebbrindes.com.br/produto/kit-manicure-16-pecas-18724-vd,https://ozkbfxvouxgsdthnweyr.supabase.co/storage/v1/object/public/catalogo-meta/18724-1-v1.jpg,Gift Web,,,999,,,,,,,,,,,,,,,,,kit-manicure,,,https://ozkbfxvouxgsdthnweyr.supabase.co/storage/v1/object/public/catalogo-meta/18724-2-v1.jpg
05044,Guarda-Chuva Automático,"Guarda-chuva automático de nylon com impacto impermeável e proteção UV, tecido interno em vinil. Com estrutura em aço e 8 varetas em fibra de vidro, possui pegador plástico com botão de ação e alça de nylon. Acompanha capa protetora.",in stock,new,100.00 BRL,https://giftwebbrindes.com.br/produto/guarda-chuva-automatico-05044-vd,https://ozkbfxvouxgsdthnweyr.supabase.co/storage/v1/object/public/catalogo-meta/05044-1-v1.jpg,Gift Web,,,999,,,,,,,,,,,,,,,,,guarda-chuvas,,,https://ozkbfxvouxgsdthnweyr.supabase.co/storage/v1/object/public/catalogo-meta/05044-2-v1.jpg
02075,Guarda-Chuva Manual,"Guarda-chuva com tecido de nylon e abertura automática, basta acionar o botão inferior.",in stock,new,100.00 BRL,https://giftwebbrindes.com.br/produto/guarda-chuva-02075-vm,https://ozkbfxvouxgsdthnweyr.supabase.co/storage/v1/object/public/site-images/topprodutos/02075/02075_1.jpg,Gift Web,,,999,,,,,,,,,,,,,,,,,guarda-chuvas,,,https://ozkbfxvouxgsdthnweyr.supabase.co/storage/v1/object/public/site-images/topprodutos/02075/02075_2.jpg
05086,Guarda-Chuva c/ Proteção UV,"Guarda-chuva de poliéster com abertura automática, estrutura em aço e 16 varetas em fibra de vidro. Possui pegador em couro sintético com botão de acionamento.",in stock,new,100.00 BRL,https://giftwebbrindes.com.br/produto/guarda-chuva-automatico-05086-vd,https://ozkbfxvouxgsdthnweyr.supabase.co/storage/v1/object/public/catalogo-meta/05086-1-v1.jpg,Gift Web,,,999,,,,,,,,,,,,,,,,,guarda-chuvas,,,https://ozkbfxvouxgsdthnweyr.supabase.co/storage/v1/object/public/catalogo-meta/05086-2-v1.jpg
05198,Guarda-Chuva Manual (linha 05198),"Guarda-chuva manual de tecido em nylon. Possui 7 varetas e estrutura em aço, pegador, botão de abertura e alça de nylon. Acompanha capa protetora.",in stock,new,100.00 BRL,https://giftwebbrindes.com.br/produto/guarda-chuva-manual-05198-vd,https://ozkbfxvouxgsdthnweyr.supabase.co/storage/v1/object/public/site-images/topprodutos/05198/05198_1.jpg,Gift Web,,,999,,,,,,,,,,,,,,,,,guarda-chuvas,,,https://ozkbfxvouxgsdthnweyr.supabase.co/storage/v1/object/public/site-images/topprodutos/05198/05198_2.jpg
09249,Guarda-Chuva Automático (linha 09249),Guarda-chuva em poliéster de impacto impermeável com abertura automática por botão em plástico.,in stock,new,100.00 BRL,https://giftwebbrindes.com.br/produto/guarda-chuva-automatico-09249-vd,https://ozkbfxvouxgsdthnweyr.supabase.co/storage/v1/object/public/site-images/topprodutos/09249/09249_1.jpg,Gift Web,,,999,,,,,,,,,,,,,,,,,guarda-chuvas,,,https://ozkbfxvouxgsdthnweyr.supabase.co/storage/v1/object/public/site-images/topprodutos/09249/09249_2.jpg
05045,Guarda-Chuva Manual com Proteção UV (linha 05045),"Guarda-chuva manual de nylon com proteção UV, tecido interno em vinil.",in stock,new,100.00 BRL,https://giftwebbrindes.com.br/produto/guarda-chuva-manual-com-protecao-uv-05045-vd,https://ozkbfxvouxgsdthnweyr.supabase.co/storage/v1/object/public/site-images/topprodutos/05045/05045_1.jpg,Gift Web,,,999,,,,,,,,,,,,,,,,,guarda-chuvas,,,https://ozkbfxvouxgsdthnweyr.supabase.co/storage/v1/object/public/site-images/topprodutos/05045/05045_2.jpg
05046,Guarda-Chuva (linha 05046),"Guarda-chuva de poliéster de impacto impermeável com abertura automática, estrutura em aço e 8 varetas em fibra de vidro.",in stock,new,100.00 BRL,https://giftwebbrindes.com.br/produto/guarda-chuva-05046-vd,https://ozkbfxvouxgsdthnweyr.supabase.co/storage/v1/object/public/site-images/topprodutos/05046/05046_1.jpg,Gift Web,,,999,,,,,,,,,,,,,,,,,guarda-chuvas,,,https://ozkbfxvouxgsdthnweyr.supabase.co/storage/v1/object/public/site-images/topprodutos/05046/05046_2.jpg
08295,Kit Xícara + Pires Cerâmica,"Um kit com seis xícaras em estilo clássico para servir uma bebida quente de um jeito especial. Com capacidade máxima de 100ml, cada uma delas é feita em vidro borossilicato, matéria-prima conhecida por sua durabilidade e resistência, o que as transformam em opções excelentes para tomar aquela dose de café ou chá a qualquer hora do dia.",in stock,new,100.00 BRL,https://giftwebbrindes.com.br/produto/kit-xicaras-de-vidro-6-pecas-08295-tra,https://ozkbfxvouxgsdthnweyr.supabase.co/storage/v1/object/public/catalogo-meta/08295-1-v1.jpg,Gift Web,,,999,,,,,,,,,,,,,,,,,kits,,,
07392,Caneca Inox 180 ml c/ Tampa,Caneca de inox 180ml com cabo e tampa em plástico resistente (não é térmica).,in stock,new,100.00 BRL,https://giftwebbrindes.com.br/produto/caneca-inox-180ml-c-tampa-07392-ino,https://ozkbfxvouxgsdthnweyr.supabase.co/storage/v1/object/public/catalogo-meta/07392-1-v1.jpg,Gift Web,,,999,,,,,,,,,,,,,,,,,canecas,,,
14724P,Copo Térmico 350 ml p/ Café,"Copo térmico de inox 350ml com parede dupla, parte inferior com borracha antideslizante e tampa rosqueável com abertura de bocal.",in stock,new,100.00 BRL,https://giftwebbrindes.com.br/categoria/copos,https://ozkbfxvouxgsdthnweyr.supabase.co/storage/v1/object/public/catalogo-meta/14724P-1-v1.jpg,Gift Web,,,999,,,,,,,,,,,,,,,,,copos,,,https://ozkbfxvouxgsdthnweyr.supabase.co/storage/v1/object/public/catalogo-meta/14724P-2-v1.jpg
14724,Copo Térmico 500 ml p/ Café,"Copo térmico de inox 500ml com parede dupla, parte inferior com borracha antideslizante e tampa rosqueável com abertura de bocal.",in stock,new,100.00 BRL,https://giftwebbrindes.com.br/produto/copo-termico-500ml-p-cafe-14724-vm,https://ozkbfxvouxgsdthnweyr.supabase.co/storage/v1/object/public/site-images/topprodutos/89921361-1878-4065-ad55-9f5d00f57d93.png,Gift Web,,,999,,,,,,,,,,,,,,,,,copos-cafe-cerveja,,,https://ozkbfxvouxgsdthnweyr.supabase.co/storage/v1/object/public/site-images/topprodutos/14724/14724_2.jpg
01810,Mouse Pad c/ Almofada,Mouse Pad ergonômico de neoprene com apoio de silicone para o punho. Parte inferior revestida com silicone antiderrapante.,in stock,new,100.00 BRL,https://giftwebbrindes.com.br/produto/mouse-pad-ergonomico-01810-vd,https://ozkbfxvouxgsdthnweyr.supabase.co/storage/v1/object/public/catalogo-meta/01810-1-v1.jpg,Gift Web,,,999,,,,,,,,,,,,,,,,,mouse-pads,,,https://ozkbfxvouxgsdthnweyr.supabase.co/storage/v1/object/public/catalogo-meta/01810-2-v1.jpg
03007,Mouse Pad Ergonômico,"O mouse pad ergonômico ideal para deixar a rotina diária mais confortável. Feito em Neoprene, que proporciona fácil deslizar do mouse sobre ele, também conta com um apoio de espuma para o punho que ajuda a prevenir possíveis lesões por esforço repetitivo ao longo de uma rotina prolongada trabalho ou estudos. Sua base possui textura antiderrapante para proporcionar o uso muito mais estável do mouse pad em superfícies planas.",in stock,new,100.00 BRL,https://giftwebbrindes.com.br/produto/mouse-pad-ergonomico-03007-vm,https://ozkbfxvouxgsdthnweyr.supabase.co/storage/v1/object/public/catalogo-meta/03007-1-v1.jpg,Gift Web,,,999,,,,,,,,,,,,,,,,,mouse-pads,,,https://ozkbfxvouxgsdthnweyr.supabase.co/storage/v1/object/public/catalogo-meta/03007-2-v1.jpg
01955,Chaveiro Metal Retangular,"Chaveiro de metal retangular com chapa central, verso liso.",in stock,new,100.00 BRL,https://giftwebbrindes.com.br/produto/chaveiro-metal-retangular-01955-pra,https://ozkbfxvouxgsdthnweyr.supabase.co/storage/v1/object/public/catalogo-meta/01955-1-v1.jpg,Gift Web,,,999,,,,,,,,,,,,,,,,,chaveiros,,,
04070,Caneca Térmica Chopp 700 ml,"Caneca térmica de inox com pegador plástico, capacidade de 700ml.",in stock,new,100.00 BRL,https://giftwebbrindes.com.br/produto/caneca-termica-700ml-04070-vd,https://ozkbfxvouxgsdthnweyr.supabase.co/storage/v1/object/public/site-images/topprodutos/8904b61f-a6da-48a9-bdf0-f524e0357b55.png,Gift Web,,,999,,,,,,,,,,,,,,,,,copos-cafe-cerveja,,,https://ozkbfxvouxgsdthnweyr.supabase.co/storage/v1/object/public/site-images/topprodutos/04070/04070_2.jpg
18912,Caneca Térmica Inox 300 ml,A companheira perfeita para manter bebidas na temperatura ideal por mais tempo.,in stock,new,100.00 BRL,https://giftwebbrindes.com.br/produto/caneca-termica-inox-300ml-18912-vd,https://ozkbfxvouxgsdthnweyr.supabase.co/storage/v1/object/public/site-images/topprodutos/18912/18912_1.jpg,Gift Web,,,999,,,,,,,,,,,,,,,,,copos-cafe-cerveja,,,https://ozkbfxvouxgsdthnweyr.supabase.co/storage/v1/object/public/site-images/topprodutos/18912/18912_2.jpg
04081,Caneca Térmica 350 ml,"Caneca térmica de inox com capacidade de 350ml, material livre de BPA. Contém tampa acrílica com bocal e trava de segurança.",in stock,new,100.00 BRL,https://giftwebbrindes.com.br/produto/caneca-termica-350ml-04081-vd,https://ozkbfxvouxgsdthnweyr.supabase.co/storage/v1/object/public/catalogo-meta/04081-1-v1.jpg,Gift Web,,,999,,,,,,,,,,,,,,,,,canecas,,,https://ozkbfxvouxgsdthnweyr.supabase.co/storage/v1/object/public/catalogo-meta/04081-2-v1.jpg
06033,"Garrafa Quencher 1,2 L","Caneca térmica com capacidade de 1,2 litros feita em inox 304 com parede dupla, contém tampa acrílica rosqueável com acesso para canudo e pegador plástico.",in stock,new,100.00 BRL,https://giftwebbrindes.com.br/produto/caneca-termica-1-2l-06033-vd,https://ozkbfxvouxgsdthnweyr.supabase.co/storage/v1/object/public/site-images/topprodutos/06033/06033_1.jpg,Gift Web,,,999,,,,,,,,,,,,,,,,,copos-cafe-cerveja,,,https://ozkbfxvouxgsdthnweyr.supabase.co/storage/v1/object/public/site-images/topprodutos/06033/06033_2.jpg
14794,Garrafa LED Termômetro 500 ml,"Garrafa térmica de parede dupla em inox, capacidade de 400ml. Tampa com display touch screen de temperatura em led, acompanha infusor de bebidas.",in stock,new,100.00 BRL,https://giftwebbrindes.com.br/produto/garrafa-termica-400ml-c-termometro-14794-vm,https://ozkbfxvouxgsdthnweyr.supabase.co/storage/v1/object/public/site-images/topprodutos/14794/14794_1.jpg,Gift Web,,,999,,,,,,,,,,,,,,,,,garrafas-agua,,,https://ozkbfxvouxgsdthnweyr.supabase.co/storage/v1/object/public/site-images/topprodutos/14794/14794_2.jpg
04098B,Garrafa Flip 650 ml,Beba com qualidade e na temperatura perfeita.,in stock,new,100.00 BRL,https://giftwebbrindes.com.br/categoria/garrafas-termicas,https://ozkbfxvouxgsdthnweyr.supabase.co/storage/v1/object/public/site-images/topprodutos/04098B/04098B_1.jpg,Gift Web,,,999,,,,,,,,,,,,,,,,,garrafas-agua,,,https://ozkbfxvouxgsdthnweyr.supabase.co/storage/v1/object/public/site-images/topprodutos/04098B/04098B_2.jpg
08196,Garrafa Térmica Inox 750 ml (Pacco / 850ml),Garrafa térmica feita em inox com pintura eletrostática e capacidade de até 750ml.,in stock,new,100.00 BRL,https://giftwebbrindes.com.br/produto/garrafa-termica-inox-750ml-08196-vd,https://ozkbfxvouxgsdthnweyr.supabase.co/storage/v1/object/public/site-images/topprodutos/08196/08196_1.jpg,Gift Web,,,999,,,,,,,,,,,,,,,,,garrafas-agua,,,https://ozkbfxvouxgsdthnweyr.supabase.co/storage/v1/object/public/site-images/topprodutos/08196/08196_2.jpg
KIT18639,Kit Garrafa Térmica + Xícara,Kit Garrafa Térmica + Xícara — Garrafas Térmicas Inox,in stock,new,100.00 BRL,https://giftwebbrindes.com.br/categoria/garrafas-termicas,https://ozkbfxvouxgsdthnweyr.supabase.co/storage/v1/object/public/catalogo-meta/KIT18639-1-v1.jpg,Gift Web,,,999,,,,,,,,,,,,,,,,,garrafas-termicas,,,https://ozkbfxvouxgsdthnweyr.supabase.co/storage/v1/object/public/catalogo-meta/KIT18639-2-v1.jpg
18704,Garrafa Térmica 1 Litro,"Garrafa térmica com infusor de bebidas, feita em inox 304 com capacidade de 1 litro. Contém base antiderrapante e alça de silicone acoplada na tampa.",in stock,new,100.00 BRL,https://giftwebbrindes.com.br/produto/garrafa-termica-1-litro-18704-vd,https://ozkbfxvouxgsdthnweyr.supabase.co/storage/v1/object/public/catalogo-meta/18704-1-v1.jpg,Gift Web,,,999,,,,,,,,,,,,,,,,,garrafas-termicas,,,https://ozkbfxvouxgsdthnweyr.supabase.co/storage/v1/object/public/catalogo-meta/18704-2-v1.jpg
18855,Garrafa Térmica Inox 850 ml,"Chega de preocupações ao consumir suas bebidas! Nossa garrafa térmica de 850 ml, feita em inox, foi projetada para trazer mais praticidade ao seu dia a dia. Com uma trava embutida na tampa, ela se mantém fixa durante o uso, evitando o incômodo de acidentes ? como a tampa que bate no rosto enquanto você bebe. Uma solução inteligente para quem busca conforto e eficiência!",in stock,new,100.00 BRL,https://giftwebbrindes.com.br/produto/garrafa-termica-inox-850ml-18855-vd,https://ozkbfxvouxgsdthnweyr.supabase.co/storage/v1/object/public/catalogo-meta/18855-1-v1.jpg,Gift Web,,,999,,,,,,,,,,,,,,,,,garrafas-termicas,,,https://ozkbfxvouxgsdthnweyr.supabase.co/storage/v1/object/public/catalogo-meta/18855-2-v1.jpg
18518,Garrafa Térmica 780 ml,"Garrafa térmica 780ml em inox de alta qualidade. Possui tampa rosqueável com detalhe superior em relevo, pode ser utilizada com líquidos quentes ou frios. Observação: não colocar no fogão ou micro-ondas.",in stock,new,100.00 BRL,https://giftwebbrindes.com.br/produto/garrafa-termica-780-ml-18518-vd,https://ozkbfxvouxgsdthnweyr.supabase.co/storage/v1/object/public/catalogo-meta/18518-1-v1.jpg,Gift Web,,,999,,,,,,,,,,,,,,,,,garrafas-termicas,,,https://ozkbfxvouxgsdthnweyr.supabase.co/storage/v1/object/public/catalogo-meta/18518-2-v1.jpg
08331,Garrafa Térmica Inox 500ml,Garrafa térmica em inox com capacidade de até 500ml.,in stock,new,100.00 BRL,https://giftwebbrindes.com.br/produto/garrafa-termica-com-tampa-inox-500ml-08331-vd,https://ozkbfxvouxgsdthnweyr.supabase.co/storage/v1/object/public/site-images/topprodutos/08331/08331_1.jpg,Gift Web,,,999,,,,,,,,,,,,,,,,,garrafas-agua,,,https://ozkbfxvouxgsdthnweyr.supabase.co/storage/v1/object/public/site-images/topprodutos/08331/08331_2.jpg
18726I,Garrafa Inox 800 ml,Garrafa Inox 800 ml — Garrafas e Squeezes de Inox,in stock,new,100.00 BRL,https://giftwebbrindes.com.br/categoria/garrafas-inox-aluminio,https://ozkbfxvouxgsdthnweyr.supabase.co/storage/v1/object/public/catalogo-meta/18726I-1-v1.jpg,Gift Web,,,999,,,,,,,,,,,,,,,,,garrafas-inox-aluminio,,,https://ozkbfxvouxgsdthnweyr.supabase.co/storage/v1/object/public/catalogo-meta/18726I-2-v1.jpg
18552,Garrafa Inox 750 ml,Uma garrafa inox com formato minimalista e capacidade de até 750ml. Sua tampa conta com uma alça de nylon embutida para transporte.,in stock,new,100.00 BRL,https://giftwebbrindes.com.br/produto/garrafa-inox-750ml-18552-vd,https://ozkbfxvouxgsdthnweyr.supabase.co/storage/v1/object/public/catalogo-meta/18552-1-v1.jpg,Gift Web,,,999,,,,,,,,,,,,,,,,,garrafas-inox-aluminio,,,https://ozkbfxvouxgsdthnweyr.supabase.co/storage/v1/object/public/catalogo-meta/18552-2-v1.jpg
17011F,Garrafa 750 ml Inox Tampa Prata,Garrafa 750ml em inox com tampa rosqueável e pintura fosca. Obs.: Não é um modelo térmico.,in stock,new,100.00 BRL,https://giftwebbrindes.com.br/categoria/garrafas-inox-aluminio,https://ozkbfxvouxgsdthnweyr.supabase.co/storage/v1/object/public/site-images/topprodutos/17011F/17011F_1.jpg,Gift Web,,,999,,,,,,,,,,,,,,,,,garrafas-agua,,,https://ozkbfxvouxgsdthnweyr.supabase.co/storage/v1/object/public/site-images/topprodutos/17011F/17011F_2.jpg
9139I,Squeeze Inox 500ml c/ Bico e Mosquetão,"Squeeze 500ml de inox com pintura metalizada, tampa rosqueável e acompanha um segundo bico com mosquetão (não é térmico).",in stock,new,100.00 BRL,https://giftwebbrindes.com.br/categoria/garrafas-inox-aluminio,https://ozkbfxvouxgsdthnweyr.supabase.co/storage/v1/object/public/site-images/topprodutos/9139i/9139i_1.jpg,Gift Web,,,999,,,,,,,,,,,,,,,,,garrafas-agua,,,https://ozkbfxvouxgsdthnweyr.supabase.co/storage/v1/object/public/site-images/topprodutos/9139i/9139i_2.jpg
12487F,Squeeze Alumínio Fosco 650 ml,Squeeze em alumínio com capacidade máxima de 650ml.,in stock,new,100.00 BRL,https://giftwebbrindes.com.br/categoria/garrafas-inox-aluminio,https://ozkbfxvouxgsdthnweyr.supabase.co/storage/v1/object/public/site-images/topprodutos/12487F/12487F_1.jpg,Gift Web,,,999,,,,,,,,,,,,,,,,,garrafas-agua,,,https://ozkbfxvouxgsdthnweyr.supabase.co/storage/v1/object/public/site-images/topprodutos/12487F/12487F_2.jpg
18695,Garrafa Plástica 600 ml,Garrafa com estrutura leve em plástico e capacidade para até 600ml. Possui tampa rosqueável de alumínio com alça embutida em nylon para transporte.,in stock,new,100.00 BRL,https://giftwebbrindes.com.br/produto/garrafa-plastica-600ml-18695-vd,https://ozkbfxvouxgsdthnweyr.supabase.co/storage/v1/object/public/site-images/topprodutos/18695/18695_1.jpg,Gift Web,,,999,,,,,,,,,,,,,,,,,garrafas-agua,,,https://ozkbfxvouxgsdthnweyr.supabase.co/storage/v1/object/public/site-images/topprodutos/18695/18695_2.jpg
sem-sku-copo-long-neck-3-em-1-420-ml,Copo Long Neck 3 em 1 420 ml,Copo Long Neck 3 em 1 420 ml — Squeezes de Alumínio e Plásticos,in stock,new,100.00 BRL,https://giftwebbrindes.com.br/produtos,https://ozkbfxvouxgsdthnweyr.supabase.co/storage/v1/object/public/catalogo-meta/sem-sku-copo-long-neck-3-em-1-420-ml-1-v1.jpg,Gift Web,,,999,,,,,,,,,,,,,,,,,,,,https://ozkbfxvouxgsdthnweyr.supabase.co/storage/v1/object/public/catalogo-meta/sem-sku-copo-long-neck-3-em-1-420-ml-2-v1.jpg
09138,Squeeze Alumínio 420 ml c/ Mosquetão,Squeeze em alumínio com capacidade máxima de 420ml. Possui acabamento brilhante e tampa rosqueável em plástico com alça fixa. Acompanha mosquetão metálico com argola para chaveiro.,in stock,new,100.00 BRL,https://giftwebbrindes.com.br/produto/squeeze-aluminio-420ml-09138-vd,https://ozkbfxvouxgsdthnweyr.supabase.co/storage/v1/object/public/catalogo-meta/09138-1-v1.jpg,Gift Web,,,999,,,,,,,,,,,,,,,,,garrafas-inox-aluminio,,,https://ozkbfxvouxgsdthnweyr.supabase.co/storage/v1/object/public/catalogo-meta/09138-2-v1.jpg
07047,Garrafa Alumínio 630 ml,Garrafa em alumínio com capacidade máxima de 630ml. Possui acabamento fosco com brilho de efeito cintilante e revestimento plástico no bocal. Conta com tampa rosqueável em plástico com alça fixa. Obs.: As cores laranja e branca contam com acabamento fosco sem brilho.,in stock,new,100.00 BRL,https://giftwebbrindes.com.br/produto/garrafa-aluminio-630ml-07047-vd,https://ozkbfxvouxgsdthnweyr.supabase.co/storage/v1/object/public/catalogo-meta/07047-1-v1.jpg,Gift Web,,,999,,,,,,,,,,,,,,,,,garrafas-inox-aluminio,,,https://ozkbfxvouxgsdthnweyr.supabase.co/storage/v1/object/public/catalogo-meta/07047-2-v1.jpg
09072,Squeeze Plástico 500ml Bic Plastic,"Squeeze 500ml de plástico resistente, possui detalhe em relevo na parte superior e tampa de bico(plástico) rosqueável.",in stock,new,100.00 BRL,https://giftwebbrindes.com.br/produto/squeeze-plastico-500ml-bic-plastic-09072-bco-vd,https://ozkbfxvouxgsdthnweyr.supabase.co/storage/v1/object/public/site-images/topprodutos/09072/09072_1.jpg,Gift Web,,,999,,,,,,,,,,,,,,,,,garrafas-agua,,,https://ozkbfxvouxgsdthnweyr.supabase.co/storage/v1/object/public/site-images/topprodutos/09072/09072_2.jpg
14737,Garrafa Plástica 700ml,"Garrafa plástica com capacidade de 700ml, possui uma tampa rosqueável.",in stock,new,100.00 BRL,https://giftwebbrindes.com.br/produto/garrafa-plastica-700ml-14737-bco,https://ozkbfxvouxgsdthnweyr.supabase.co/storage/v1/object/public/site-images/topprodutos/14737/14737_1.jpg,Gift Web,,,999,,,,,,,,,,,,,,,,,garrafas-agua,,,https://ozkbfxvouxgsdthnweyr.supabase.co/storage/v1/object/public/site-images/topprodutos/14737/14737_2.jpg
01320,Mochila USB 20 L,"Mochila de nylon 20 litros com três compartimentos, sendo o principal com bolso para notebook 15,6.",in stock,new,100.00 BRL,https://giftwebbrindes.com.br/produto/mochila-de-nylon-usb-20l-01320-vm,https://ozkbfxvouxgsdthnweyr.supabase.co/storage/v1/object/public/site-images/topprodutos/01320/01320_1.jpg,Gift Web,,,999,,,,,,,,,,,,,,,,,mochilas-bolsa-necessaire,,,https://ozkbfxvouxgsdthnweyr.supabase.co/storage/v1/object/public/site-images/topprodutos/01320/01320_2.jpg
01901B,Mochila Couro Sintético USB 22 L,"Mochila em couro sintético 22 litros resistente à água com cinco compartimentos, sendo o principal com bolso para notebook 156. Com divisórias internas para acessórios, a mochila possui suporte externo usb, alça para encaixe em malas de viagem e duas alças de mãos, sendo uma delas lateral para o transporte da mochila no modo pasta.",in stock,new,100.00 BRL,https://giftwebbrindes.com.br/categoria/mochilas-e-sacochilas,https://ozkbfxvouxgsdthnweyr.supabase.co/storage/v1/object/public/catalogo-meta/01901B-1-v1.jpg,Gift Web,,,999,,,,,,,,,,,,,,,,,mochilas-e-sacochilas,,,https://ozkbfxvouxgsdthnweyr.supabase.co/storage/v1/object/public/catalogo-meta/01901B-2-v1.jpg
02066,Mochila Nylon/Poliéster 28 L,"Mochila de nylon 30 litros com quatro compartimentos, sendo o principal com bolso para notebook 15,6. A mochila possui bolsos laterais em malha, duas alças de mãos e área costada com revestimento espumado.",in stock,new,100.00 BRL,https://giftwebbrindes.com.br/produto/mochila-nylon-poliester-02066-pre,https://ozkbfxvouxgsdthnweyr.supabase.co/storage/v1/object/public/catalogo-meta/02066-1-v1.jpg,Gift Web,,,999,,,,,,,,,,,,,,,,,mochilas-e-sacochilas,,,
03034,Mochila de Nylon USB 21 L (linha superior),"Mochila de nylon 21 litros com dois compartimentos, sendo o principal com bolso para notebook 15,6. Com divisórias internas para acessórios, a mochila possui bolsos laterais, suporte externo usb, duas alças de mãos e alça para engate em malas de viagem.",in stock,new,100.00 BRL,https://giftwebbrindes.com.br/produto/mochila-de-nylon-usb-21l-03034-azu-cin,https://ozkbfxvouxgsdthnweyr.supabase.co/storage/v1/object/public/catalogo-meta/03034-1-v1.jpg,Gift Web,,,999,,,,,,,,,,,,,,,,,mochilas-e-sacochilas,,,https://ozkbfxvouxgsdthnweyr.supabase.co/storage/v1/object/public/catalogo-meta/03034-2-v1.jpg
04508,Mochila Nylon 22L,"Mochila de Nylon 18 litros com dois compartimentos, sendo principal com bolso raso para notebook 15.6. Contém bolsos laterais telados.",in stock,new,100.00 BRL,https://giftwebbrindes.com.br/produto/mochila-nylon-18l-04508-azc,https://ozkbfxvouxgsdthnweyr.supabase.co/storage/v1/object/public/site-images/topprodutos/04508/04508_1.jpg,Gift Web,,,999,,,,,,,,,,,,,,,,,mochilas-bolsa-necessaire,,,https://ozkbfxvouxgsdthnweyr.supabase.co/storage/v1/object/public/site-images/topprodutos/04508/04508_2.jpg
11329,Mochila de Nylon USB 17L,Mochila em nylon com capacidade máxima de até 17 litros.,in stock,new,100.00 BRL,https://giftwebbrindes.com.br/produto/mochila-de-nylon-usb-17l-11329-vm,https://ozkbfxvouxgsdthnweyr.supabase.co/storage/v1/object/public/site-images/topprodutos/11329/11329_1.jpg,Gift Web,,,999,,,,,,,,,,,,,,,,,mochilas-bolsa-necessaire,,,https://ozkbfxvouxgsdthnweyr.supabase.co/storage/v1/object/public/site-images/topprodutos/11329/11329_2.jpg
06024,Bolsa Térmica 6 L,"Bolsa térmica confeccionada em tecido Oxford resistente à água com capacidade máxima de 6 litros. Possui revestimento térmico em folha de alumínio, fechamento em velcro, duas alças de mão costuradas e placa fixa em couro sintético para personalização.",in stock,new,100.00 BRL,https://giftwebbrindes.com.br/produto/bolsa-termica-6l-06024-vd,https://ozkbfxvouxgsdthnweyr.supabase.co/storage/v1/object/public/catalogo-meta/06024-1-v1.jpg,Gift Web,,,999,,,,,,,,,,,,,,,,,bolsas,,,https://ozkbfxvouxgsdthnweyr.supabase.co/storage/v1/object/public/catalogo-meta/06024-2-v1.jpg
04385,Bolsa Térmica 9 L,"Bolsa térmica de poliéster com três compartimentos, capacidade de 9 litros. A bolsa possui revestimento térmico em PEVA atóxico com costura soldada (não vaza), alça de mão, bolsos laterais telados e acompanha alça transversal.",in stock,new,100.00 BRL,https://giftwebbrindes.com.br/produto/bolsa-termica-9l-04385-vd,https://ozkbfxvouxgsdthnweyr.supabase.co/storage/v1/object/public/catalogo-meta/04385-1-v1.jpg,Gift Web,,,999,,,,,,,,,,,,,,,,,bolsas,,,https://ozkbfxvouxgsdthnweyr.supabase.co/storage/v1/object/public/catalogo-meta/04385-2-v1.jpg
02596,Bolsa Térmica 15 L,Bolsa térmica de poliéster com capacidade de 15 Litros. Contém alça de mão em nylon.,in stock,new,100.00 BRL,https://giftwebbrindes.com.br/produto/bolsa-termica-15l-02596-vd,https://ozkbfxvouxgsdthnweyr.supabase.co/storage/v1/object/public/site-images/topprodutos/02596/02596_1.jpg,Gift Web,,,999,,,,,,,,,,,,,,,,,mochilas-bolsa-necessaire,,,https://ozkbfxvouxgsdthnweyr.supabase.co/storage/v1/object/public/site-images/topprodutos/02596/02596_2.jpg
08229,Bolsa Esportiva Poliéster 26 L,"Bolsa esportiva em poliéster resistente à água com compartimento expansível que, quando aberto em zíper, aumenta a capacidade máxima da bolsa para até 36 litros. Possui compartimento interno com bolso organizador, além de bolso externo com área para encaixe em malas de viagem.",in stock,new,100.00 BRL,https://giftwebbrindes.com.br/produto/bolsa-esportiva-poliester-expansivel-36-litros-08229-vm,https://ozkbfxvouxgsdthnweyr.supabase.co/storage/v1/object/public/catalogo-meta/08229-1-v1.jpg,Gift Web,,,999,,,,,,,,,,,,,,,,,bolsas,,,https://ozkbfxvouxgsdthnweyr.supabase.co/storage/v1/object/public/catalogo-meta/08229-2-v1.jpg
04846,Bolsa Térmica 7 Litros,"Bolsa térmica de poliéster com dois compartimentos, capacidade de 7 litros.",in stock,new,100.00 BRL,https://giftwebbrindes.com.br/produto/bolsa-termica-7l-04846-vm,https://ozkbfxvouxgsdthnweyr.supabase.co/storage/v1/object/public/site-images/topprodutos/04846/04846_1.jpg,Gift Web,,,999,,,,,,,,,,,,,,,,,mochilas-bolsa-necessaire,,,https://ozkbfxvouxgsdthnweyr.supabase.co/storage/v1/object/public/site-images/topprodutos/04846/04846_2.jpg
18967,Bolsa Térmica 4 Litros,Bolsa térmica o confeccionada em poliéster impermeável e capacidade de até 5 litros.,in stock,new,100.00 BRL,https://giftwebbrindes.com.br/produto/bolsa-termica-5l-18967-vm,https://ozkbfxvouxgsdthnweyr.supabase.co/storage/v1/object/public/site-images/topprodutos/18967/18967_1.jpg,Gift Web,,,999,,,,,,,,,,,,,,,,,mochilas-bolsa-necessaire,,,https://ozkbfxvouxgsdthnweyr.supabase.co/storage/v1/object/public/site-images/topprodutos/18967/18967_2.jpg
