origem,categoria,subcategoria,codigo,nome,custo,foto,fonte_gw
Meus Vendidos,,,,,,,Garrafa Led Termometro 500 Ml
Meus Vendidos,,,,,,,"Garrafa Quencher 1,2L"
Meus Vendidos,,,01318,MOCHILA NYLON USB 20L ,36.5,https://cdn.xbzbrindes.com.br/img/produtos/3/Mochila-de-Nylon-USB-17L-PRETO14100-1648138306.jpg,Mochila Usb 20L
Meus Vendidos,,,18921,SQUEEZE ALUMÍNIO 600ML,12.2,https://cdn.xbzbrindes.com.br/img/produtos/3/Squeeze-de-Aluminio-600ml-BRANCO22790-1744210697.jpg,Squeeze Aluminio 650Ml
XBZ Top10,"COPOS, GARRAFAS E CANECAS",Copos,18645L,COPO TÉRMICO 500ML *LISO C/ ABRIDOR,17.9,https://cdn.xbzbrindes.com.br/img/produtos/3/Copo-Termico-500ml-com-AbridorPRETO-14068-1655126973.jpg,
XBZ Top10,"COPOS, GARRAFAS E CANECAS",Copos,03006A,COPO FIBRA DE BAMBU 350ML,6.2,https://cdn.xbzbrindes.com.br/img/produtos/3/Copo-Fibra-de-Bambu-350ml-177721701195969.jpg,
XBZ Top10,"COPOS, GARRAFAS E CANECAS",Copos,06094,COPO VIDRO PAREDE DUPLA 80ML,7.2,https://cdn.xbzbrindes.com.br/img/produtos/3/Copo-Vidro-Parede-Dupla-80mlTRANSPARENTE-18639-1713796384.jpg,
XBZ Top10,"COPOS, GARRAFAS E CANECAS",Copos,14726L,COPO TÉRMICO INOX 320ML,16.9,https://cdn.xbzbrindes.com.br/img/produtos/3/Copo-Inox-Parede-Dupla-320ml-PRETO14315-1694609375.jpg,
XBZ Top10,"COPOS, GARRAFAS E CANECAS",Copos,14498,COPO FIBRA DE ARROZ 350ML,2.99,https://cdn.xbzbrindes.com.br/img/produtos/3/Copo-Fibra-de-Bambu-350ml-VERDE12322-1602250165.jpg,
XBZ Top10,"COPOS, GARRAFAS E CANECAS",Copos,08245,COPO INOX PAREDE DUPLA 150ML,20.5,https://cdn.xbzbrindes.com.br/img/produtos/3/Copo-Inox-150ml-INOX-224761741205158.jpg,
XBZ Top10,"COPOS, GARRAFAS E CANECAS",Copos,06096,COPO VIDRO PAREDE DUPLA 160ML,7.5,https://cdn.xbzbrindes.com.br/img/produtos/3/Copo-Vidro-Parede-Dupla-160mlTRANSPARENTE-18636-1713794443.jpg,
XBZ Top10,"COPOS, GARRAFAS E CANECAS",Garrafas Térmicas / Squeezes,12487F,SQUEEZE ALUMINIO FOSCO 650ML,10.9,https://cdn.xbzbrindes.com.br/img/produtos/3/Squeeze-600ml-Aluminio-AZUL-1631563375236.jpg,
XBZ Top10,"COPOS, GARRAFAS E CANECAS",Garrafas Térmicas / Squeezes,9139A,SQUEEZE ALUMINIO 500ML C/ BICO E MOSQUETÃO,9.9,https://cdn.xbzbrindes.com.br/img/produtos/3/Squeeze-Aluminio-500ml-AZUL-164541686687964.jpg,
XBZ Top10,"COPOS, GARRAFAS E CANECAS",Garrafas Térmicas / Squeezes,17012,GARRAFA PLÁSTICA 700ML,8.5,https://cdn.xbzbrindes.com.br/img/produtos/3/Garrafa-Plastica-700ml-LARANJA9145-1682685980.jpg,
XBZ Top10,"COPOS, GARRAFAS E CANECAS",Garrafas Térmicas / Squeezes,02112,GARRAFA TÉRMICA 400ML,18.5,https://cdn.xbzbrindes.com.br/img/produtos/3/Garrafa-Termica-400ml-PRETO-76151530361585.jpg,
XBZ Top10,"COPOS, GARRAFAS E CANECAS",Garrafas Térmicas / Squeezes,18695,GARRAFA PLÁSTICA 600ML,6.9,https://cdn.xbzbrindes.com.br/img/produtos/3/Garrafa-Plastica-600ml-VERMELHO15094-1667241379.jpg,
XBZ Top10,"COPOS, GARRAFAS E CANECAS",Garrafas Térmicas / Squeezes,09138,SQUEEZE ALUMÍNIO 420ML C/ MOSQUETÃO,7.9,https://cdn.xbzbrindes.com.br/img/produtos/3/Squeeze-Aluminio-420ml-VERDE-165961688146555.jpg,
XBZ Top10,"COPOS, GARRAFAS E CANECAS",Garrafas de Inox / Alumínio,18552,GARRAFA INOX 750ML,15.8,https://cdn.xbzbrindes.com.br/img/produtos/3/Garrafa-PRETO-111021573143292.jpg,
XBZ Top10,"COPOS, GARRAFAS E CANECAS",Garrafas de Inox / Alumínio,17011F,GARRAFA 750ML INOX,18.5,https://cdn.xbzbrindes.com.br/img/produtos/3/Garrafa-Inox-750ml-AZUL-116291699637273.jpg,
XBZ Top10,"COPOS, GARRAFAS E CANECAS",Garrafas de Inox / Alumínio,18855,GARRAFA TÉRMICA INOX 850ML,30.9,https://cdn.xbzbrindes.com.br/img/produtos/3/Garrafa-Termica-Inox-850ml-VERDE21080-1730914793.jpg,
XBZ Top10,"COPOS, GARRAFAS E CANECAS",Garrafas de Inox / Alumínio,06012,GARRAFA INOX PAREDE DUPLA 250ML,18.9,https://cdn.xbzbrindes.com.br/img/produtos/3/Garrafa-Inox-250ml-ROSA-168531690482329.jpg,
XBZ Top10,"COPOS, GARRAFAS E CANECAS",Garrafas de Inox / Alumínio,18781,GARRAFA DE ALUMÍNIO 600ML,11.5,https://cdn.xbzbrindes.com.br/img/produtos/3/Garrafa-de-Aluminio-600ml-CINZA20071-1725620840.jpg,
XBZ Top10,"COPOS, GARRAFAS E CANECAS",Garrafas de Inox / Alumínio,08195,GARRAFA TÉRMICA INOX 550ML,27.9,https://cdn.xbzbrindes.com.br/img/produtos/3/Garrafa-Termica-Inox-550ml-BRANCO- 22697-1744125099.jpg,
XBZ Top10,"COPOS, GARRAFAS E CANECAS",Canecas,07392,CANECA INOX 180ML C/ TAMPA,6.8,https://cdn.xbzbrindes.com.br/img/produtos/3/Caneca-180ml-Inox-PRATA-36061535728477.jpg,
XBZ Top10,"COPOS, GARRAFAS E CANECAS",Canecas,13282,CANECA CERÂMICA 330ML,9.2,https://cdn.xbzbrindes.com.br/img/produtos/3/Caneca-Ceramica-300ml-49261487769995.jpg,
XBZ Top10,"COPOS, GARRAFAS E CANECAS",Canecas,04070,CANECA TÉRMICA 700ML,29.9,https://cdn.xbzbrindes.com.br/img/produtos/3/Caneca-Termica-700ml-PRETO-141351649675983.jpg,
XBZ Top10,"COPOS, GARRAFAS E CANECAS",Canecas,06033,"CANECA TÉRMICA 1,2L ",36.9,https://cdn.xbzbrindes.com.br/img/produtos/3/Caneca-Termica-1-2L-PRETO-169521701277272.jpg,
XBZ Top10,"COPOS, GARRAFAS E CANECAS",Canecas,03590,CANECA INOX 370ML,11.5,https://cdn.xbzbrindes.com.br/img/produtos/3/Caneca-Inox-370ml-VERDE-181711706819105.jpg,
XBZ Top10,"COPOS, GARRAFAS E CANECAS",Canecas,18912,CANECA TÉRMICA INOX 300ML,24.5,https://cdn.xbzbrindes.com.br/img/produtos/3/Caneca-Termica-Inox-350ml-BRANCO21170-1730752172.jpg,
XBZ Top10,"MOCHILAS, BOLSAS TÉRMICAS E MALAS",Mochilas e Sacochilas,01320,MOCHILA DE NYLON USB 20L,36.5,https://cdn.xbzbrindes.com.br/img/produtos/3/Mochila-de-Nylon-USB-PRETO-121071596811966.jpg,
XBZ Top10,"MOCHILAS, BOLSAS TÉRMICAS E MALAS",Mochilas e Sacochilas,18539,MOCHILA DE NYLON DOBRÁVEL 21L,14.9,https://cdn.xbzbrindes.com.br/img/produtos/3/Mochila-Dobravel-25-Litros-VERDE10654-1568832947.jpg,
XBZ Top10,"MOCHILAS, BOLSAS TÉRMICAS E MALAS",Mochilas e Sacochilas,02105,MOCHILA NYLON 17L,20.9,https://cdn.xbzbrindes.com.br/img/produtos/3/Mochila-Nylon-17-Litros-CINZA13601-1719248738.jpg,
XBZ Top10,"MOCHILAS, BOLSAS TÉRMICAS E MALAS",Mochilas e Sacochilas,02066,MOCHILA NYLON POLIESTER ,65,https://cdn.xbzbrindes.com.br/img/produtos/3/Mochila-de-Nylon-PRETO-70161677098332.jpg,
XBZ Top10,"MOCHILAS, BOLSAS TÉRMICAS E MALAS",Mochilas e Sacochilas,18601,SACOCHILA POLIÉSTER,10.9,https://cdn.xbzbrindes.com.br/img/produtos/3/Mochila-Saco-Impermeavel-PRETO13287-1628283893.jpg,
XBZ Top10,"MOCHILAS, BOLSAS TÉRMICAS E MALAS",Mochilas e Sacochilas,01326,MOCHILA DE NYLON USB 20L,36.5,https://cdn.xbzbrindes.com.br/img/produtos/3/Mochila-de-Nylon-USB-18L-CINZA13160-1626190562.jpg,
XBZ Top10,"MOCHILAS, BOLSAS TÉRMICAS E MALAS",Bolsas Térmicas,06024,BOLSA TÉRMICA 6L,10.9,https://cdn.xbzbrindes.com.br/img/produtos/3/Bolsa-Termica-5-Litros-ROSA-169411692019835.jpg,
XBZ Top10,"MOCHILAS, BOLSAS TÉRMICAS E MALAS",Bolsas Térmicas,04357,BOLSA TÉRMICA 10L,25,https://cdn.xbzbrindes.com.br/img/produtos/3/Bolsa-Termica-10-Litros-CINZA13606-1638185934.jpg,
XBZ Top10,"MOCHILAS, BOLSAS TÉRMICAS E MALAS",Bolsas Térmicas,02596,BOLSA TÉRMICA 15L,12.5,https://cdn.xbzbrindes.com.br/img/produtos/3/Bolsa-Termica-12-Litros-VERMELHO17366-1716815213.jpg,
XBZ Top10,"MOCHILAS, BOLSAS TÉRMICAS E MALAS",Bolsas Térmicas,02399,BOLSA TÉRMICA 6 LITROS.,6.2,https://cdn.xbzbrindes.com.br/img/produtos/3/Bolsa-Termica-6-Litros-VERDE-173081695912617.jpg,
XBZ Top10,"MOCHILAS, BOLSAS TÉRMICAS E MALAS",Bolsas Térmicas,02697,BOLSA TÉRMICA 17L,8.2,https://cdn.xbzbrindes.com.br/img/produtos/3/Bolsa-Termica-12-Litros-PRETO18790-1712004118.jpg,
XBZ Top10,"MOCHILAS, BOLSAS TÉRMICAS E MALAS",Bolsas Térmicas,04385,BOLSA TÉRMICA 11L,28.9,https://cdn.xbzbrindes.com.br/img/produtos/3/Bolsa-Termica-9-Litros-VERMELHO15394-1668003736.jpg,
XBZ Top10,"MOCHILAS, BOLSAS TÉRMICAS E MALAS",Malas de Viagem,06070P,MALA DE BORDO 30 LITROS,167,https://cdn.xbzbrindes.com.br/img/produtos/3/Mala-de-Bordo-30-Litros-PRETO18427-1710155590.jpg,
XBZ Top10,"MOCHILAS, BOLSAS TÉRMICAS E MALAS",Malas de Viagem,15436,BALANÇA DE MALA,19.7,,
XBZ Top10,"MOCHILAS, BOLSAS TÉRMICAS E MALAS",Malas de Viagem,08242,MALA DE VIAGEM 37L,150,https://cdn.xbzbrindes.com.br/img/produtos/3/Mala-de-viagem-39-Litros-PRETO21943-1739909245.jpg,
XBZ Top10,"MOCHILAS, BOLSAS TÉRMICAS E MALAS",Malas de Viagem,06068,MALA DE VIAGEM 66L,165,https://cdn.xbzbrindes.com.br/img/produtos/3/Mala-de-Viagem-64-Litros-VERDE18267-1709318935.jpg,
XBZ Top10,"NECESSAIRES, PORTA JOIAS E KIT MANICURE",Necessaires,18516,NECESSAIRE EM POLIESTER IMPERMEÁVEL ,3.5,https://cdn.xbzbrindes.com.br/img/produtos/3/Necessaire-de-Nylon-VERMELHO-89491546698920.jpg,
XBZ Top10,"NECESSAIRES, PORTA JOIAS E KIT MANICURE",Necessaires,18501,NÉCESSAIRE DE NYLON,8.5,https://cdn.xbzbrindes.com.br/img/produtos/3/Necessaire-de-Nylon-PRETO-83851688042305.jpg,
XBZ Top10,"NECESSAIRES, PORTA JOIAS E KIT MANICURE",Necessaires,18738,NÉCESSAIRE POLIÉSTER,9.9,https://cdn.xbzbrindes.com.br/img/produtos/3/Necessaire-Poliester-PRETO-182401706882911.jpg,
XBZ Top10,"NECESSAIRES, PORTA JOIAS E KIT MANICURE",Necessaires,01228P,NECESSAIRE PVC IMPERMEÁVEL C/ PLAQUINHA ,10.9,https://cdn.xbzbrindes.com.br/img/produtos/3/Necessaire-de-PVC-com-PlaquinhaBRANCO-8280-1536072588.jpg,
XBZ Top10,"NECESSAIRES, PORTA JOIAS E KIT MANICURE",Necessaires,18753,NÉCESSAIRE DE POLIÉSTER,18.9,https://cdn.xbzbrindes.com.br/img/produtos/3/Necessaire-de-Poliester-CINZA18404-1713525967.jpg,
XBZ Top10,"NECESSAIRES, PORTA JOIAS E KIT MANICURE",Porta Joias,01622B,PORTA JOIAS,8.2,https://cdn.xbzbrindes.com.br/img/produtos/3/Porta-Joias-ROSA-2-206871727350792.jpg,
XBZ Top10,"NECESSAIRES, PORTA JOIAS E KIT MANICURE",Porta Joias,08142,PORTA-JOIAS COM ESPELHO,10.9,https://cdn.xbzbrindes.com.br/img/produtos/3/Porta-Joias-com-Espelho-PRETO21219-1752152393.jpg,
XBZ Top10,"NECESSAIRES, PORTA JOIAS E KIT MANICURE",Porta Joias,18717,PORTA JOIAS,33.9,https://cdn.xbzbrindes.com.br/img/produtos/3/Porta-Joias-BEGE-166891719598691.jpg,
XBZ Top10,"NECESSAIRES, PORTA JOIAS E KIT MANICURE",Kit Manicure,01361B,KIT MANICURE 7 PEÇAS,6.9,https://cdn.xbzbrindes.com.br/img/produtos/3/Kit-Manicure-7-Pecas-180181705937876.jpg,
XBZ Top10,"NECESSAIRES, PORTA JOIAS E KIT MANICURE",Kit Manicure,18724,KIT MANICURE 16 PEÇAS,15,https://cdn.xbzbrindes.com.br/img/produtos/3/Kit-Manicure-16-Pecas-AZUL-169351693838094.jpg,
XBZ Top10,"NECESSAIRES, PORTA JOIAS E KIT MANICURE",Kit Manicure,18900,KIT MANICURE 10 PEÇAS,13.5,https://cdn.xbzbrindes.com.br/img/produtos/3/Kit-Manicure-10-Pecas-ROSA-220771737738203.jpg,
XBZ Top10,"CADERNETAS, AGENDAS, BLOCOS E CANETAS",Cadernetas,03009,CADERNETA EMBORRACHADA,4,https://cdn.xbzbrindes.com.br/img/produtos/3/Caderneta-Tipo-Moleskine-PRETO11557-1581344028.jpg,
XBZ Top10,"CADERNETAS, AGENDAS, BLOCOS E CANETAS",Cadernetas,05067,CADERNETA EMBORRACHADA,6.8,https://cdn.xbzbrindes.com.br/img/produtos/3/Caderneta-Emborrachada-161451764331971.jpg,
XBZ Top10,"CADERNETAS, AGENDAS, BLOCOS E CANETAS",Cadernetas,03005,CADERNETA DE COURO SINTÉTICO,7.5,https://cdn.xbzbrindes.com.br/img/produtos/3/Bloco-De-Anotacoes-VERMELHO-114961579785784.jpg,
XBZ Top10,"CADERNETAS, AGENDAS, BLOCOS E CANETAS",Cadernetas,14092N,CADERNETA EMBORRACHADA COM PORTA CANETA,11.2,https://cdn.xbzbrindes.com.br/img/produtos/3/Caderneta-Emborrachada-com-PortaCaneta-PRETO-14390-1661514159.jpg,
XBZ Top10,"CADERNETAS, AGENDAS, BLOCOS E CANETAS",Cadernetas,05071,CADERNO A5 PLÁSTICO,4.9,https://cdn.xbzbrindes.com.br/img/produtos/3/Caderno-A5-Plastico-MARROM-162501682453064.jpg,
XBZ Top10,"CADERNETAS, AGENDAS, BLOCOS E CANETAS",Blocos de Anotações,11911S,BLOCO DE ANOTAÇÕES C/ AUTO-ADESIVO,3.5,https://cdn.xbzbrindes.com.br/img/produtos/3/Bloco-de-Anotacoes-com-Post-it6066-1540651122.jpg,
XBZ Top10,"CADERNETAS, AGENDAS, BLOCOS E CANETAS",Blocos de Anotações,05065,BLOCO DE ANOTAÇÕES C/ AUTO ADESIVOS,4.5,https://cdn.xbzbrindes.com.br/img/produtos/3/Bloco-de-Anotacoes-comAutoadesivos-e-Caneta-KRAFT-16132-1681307061.jpg,
XBZ Top10,"CADERNETAS, AGENDAS, BLOCOS E CANETAS",Blocos de Anotações,06098,BLOCO DE ANOTAÇÕES COM CANETA,5.7,https://cdn.xbzbrindes.com.br/img/produtos/3/Bloco-de-Anotacoes-com-CanetaPRETO-18772-1711464082.jpg,
XBZ Top10,"CADERNETAS, AGENDAS, BLOCOS E CANETAS",Blocos de Anotações,05064,BLOCO DE ANOTAÇÕES ECOLÓGICO COM CANETA,4.2,https://cdn.xbzbrindes.com.br/img/produtos/3/Bloco-de-Anotacoes-Ecologico-comCaneta-AZUL-16129-1731083570.jpg,
XBZ Top10,"CADERNETAS, AGENDAS, BLOCOS E CANETAS",Canetas,12638,CANETA PLÁSTICA TOUCH,0.88,https://cdn.xbzbrindes.com.br/img/produtos/3/Caneta-Plastica-Touch-6641475156310.jpg,
XBZ Top10,"CADERNETAS, AGENDAS, BLOCOS E CANETAS",Canetas,ER143B,CANETA METAL ,1.5,https://cdn.xbzbrindes.com.br/img/produtos/3/Caneta-Metal-AZUL-CLARO-159141677176262.jpg,
XBZ Top10,"CADERNETAS, AGENDAS, BLOCOS E CANETAS",Canetas,13546B,CANETA C/ 1 ANEL E PONTA TOUCH ,1.9,https://cdn.xbzbrindes.com.br/img/produtos/3/Caneta-Metal-Touch-BRANCO-47641486119102.jpg,
XBZ Top10,"CADERNETAS, AGENDAS, BLOCOS E CANETAS",Canetas,13499B,CANETA PLASTICA C/ SUPORTE E TOUCH,1.2,https://cdn.xbzbrindes.com.br/img/produtos/3/Caneta-Plastica-Touch-com-SuportePRATA-12428-1608299433.jpg,
XBZ Top10,"CADERNETAS, AGENDAS, BLOCOS E CANETAS",Canetas,05015B,CANETA METAL TOUCH,2,https://cdn.xbzbrindes.com.br/img/produtos/3/Caneta-Metal-Touch-PRATA-176571724342707.jpg,
XBZ Top10,"CHAVEIROS, MOUSE PAD E KIT EXECUTIVO",Chaveiros,09824,CHAVEIRO METAL ABRIDOR,0.83,https://cdn.xbzbrindes.com.br/img/produtos/3/Chaveiro-Abridor-PRATA-7451535731106.jpg,
XBZ Top10,"CHAVEIROS, MOUSE PAD E KIT EXECUTIVO",Chaveiros,01955,CHAVEIRO METAL RETANGULAR ,3,https://cdn.xbzbrindes.com.br/img/produtos/3/Chaveiro-Metal-PRATA-47751486387296.jpg,
XBZ Top10,"CHAVEIROS, MOUSE PAD E KIT EXECUTIVO",Chaveiros,08232,CHAVEIRO TRENA PLÁSTICO 2 METROS,2.2,https://cdn.xbzbrindes.com.br/img/produtos/3/Chaveiro-Trena-Plastico-2-Metros22878-1744644590.jpg,
XBZ Top10,"CHAVEIROS, MOUSE PAD E KIT EXECUTIVO",Mouse Pad,01812,MOUSE PAD,1.9,https://cdn.xbzbrindes.com.br/img/produtos/3/Mouse-Pad-PRETO-85661539032293.jpg,
XBZ Top10,"CHAVEIROS, MOUSE PAD E KIT EXECUTIVO",Mouse Pad,03007,MOUSE PAD ERGONÔMICO,4.5,https://cdn.xbzbrindes.com.br/img/produtos/3/Mouse-Pad-VERMELHO-115441581342593.jpg,
XBZ Top10,"CHAVEIROS, MOUSE PAD E KIT EXECUTIVO",Mouse Pad,01810,MOUSE PAD C/ ALMOFADA,8.5,https://cdn.xbzbrindes.com.br/img/produtos/3/Mouse-Pad-com-Almofada-115311581340994.jpg,
XBZ Top10,"CHAVEIROS, MOUSE PAD E KIT EXECUTIVO",Mouse Pad,01810A,MOUSE PAD ERGONÔMICO,8.5,https://cdn.xbzbrindes.com.br/img/produtos/3/Mouse-Pad-Ergonomico-PRETO-270561769513831.jpg,
XBZ Top10,"CHAVEIROS, MOUSE PAD E KIT EXECUTIVO",Kit Executivo,07048B,KIT EXECUTIVO ECOLÓGICO 3 PEÇAS,21.9,https://cdn.xbzbrindes.com.br/img/produtos/3/Kit-Executivo-Ecologico-3-PecasBEGE-20837-1728069680.jpg,
XBZ Top10,"CHAVEIROS, MOUSE PAD E KIT EXECUTIVO",Kit Executivo,08254,KIT EXECUTIVO 2 PEÇAS,27,https://cdn.xbzbrindes.com.br/img/produtos/3/Kit-Executivo-2-Pecas-225061742589397.jpg,
XBZ Top10,"CHAVEIROS, MOUSE PAD E KIT EXECUTIVO",Kit Executivo,19029,KIT EXECUTIVO 2 PEÇAS,10.9,https://cdn.xbzbrindes.com.br/img/produtos/3/Kit-Executivo-2-Pecas-PRETO-262081763567864.jpg,
XBZ Top10,"CHAVEIROS, MOUSE PAD E KIT EXECUTIVO",Kit Executivo,08255,KIT EXECUTIVO 2 PEÇAS,35,https://cdn.xbzbrindes.com.br/img/produtos/3/kit-Executivo-2-Pecas-PRETO-224021740514652.jpg,
XBZ Top10,"CAIXAS DE SOM, FONES E POWER BANK",Caixas de Som,04067,CAIXA DE SOM COM LUMINÁRIA,26.9,https://cdn.xbzbrindes.com.br/img/produtos/3/Caixa-de-Som-Multimidia-comLuminaria-13875-1640696765.jpg,
XBZ Top10,"CAIXAS DE SOM, FONES E POWER BANK",Caixas de Som,04362,CAIXA DE SOM MULTIMÍDIA,44.9,https://cdn.xbzbrindes.com.br/img/produtos/3/Caixa-de-Som-Multimidia-PRETO13796-1639577785.jpg,
XBZ Top10,"CAIXAS DE SOM, FONES E POWER BANK",Caixas de Som,08002,CAIXA DE SOM BLUETOOTH TWS,16.9,https://cdn.xbzbrindes.com.br/img/produtos/3/Caixa-de-Som-Bluetooth-TWS-PRETO19500-1721735085.jpg,
XBZ Top10,"CAIXAS DE SOM, FONES E POWER BANK",Caixas de Som,06093,CAIXA DE SOM COM CARREGADOR INDUÇÃO,47.9,https://cdn.xbzbrindes.com.br/img/produtos/3/Caixa-de-Som-com-CarregadorInducao-BRANCO-18630-1719849689.jpg,
XBZ Top10,"CAIXAS DE SOM, FONES E POWER BANK",Caixas de Som,04065,CAIXA DE SOM MULTIMÍDIA COM RELÓGIO,31.9,https://cdn.xbzbrindes.com.br/img/produtos/3/Caixa-de-Som-Multimidia-comRelogio-13502-1636647525.jpg,
XBZ Top10,"CAIXAS DE SOM, FONES E POWER BANK",Fones de Ouvido,12789,FONE DE OUVIDO C/ MICROFONE -BCO/BCO,4.99,https://cdn.xbzbrindes.com.br/img/produtos/3/Fone-de-ouvido-134-1474997069.jpg,
XBZ Top10,"CAIXAS DE SOM, FONES E POWER BANK",Fones de Ouvido,05021,FONE BLUETOOTH C/ CARREGADOR,19.99,https://cdn.xbzbrindes.com.br/img/produtos/3/Fone-de-Ouvido-Bluetooth-Touch-comCase-Carregador-15704d1-1674734490.jpg,
XBZ Top10,"CAIXAS DE SOM, FONES E POWER BANK",Fones de Ouvido,06064,FONE DE OUVIDO BLUETOOTH TOUCH COM CASE CARREGADOR,21.9,https://cdn.xbzbrindes.com.br/img/produtos/3/Fone-de-Ouvido-Bluetooth-Touch-comCase-Carregador-BRANCO-18414-1710939190.jpg,
XBZ Top10,"CAIXAS DE SOM, FONES E POWER BANK",Fones de Ouvido,05048,FONE DE OUVIDO BLUETOOTH,19.9,https://cdn.xbzbrindes.com.br/img/produtos/3/Fone-de-Ouvido-Bluetooth-Touch-comCase-Carregador-PRETO-15948-1681301399.jpg,
XBZ Top10,"CAIXAS DE SOM, FONES E POWER BANK",Power Banks,06052,POWER BANK 10.000MAH COM CARREGAMENTO VIA INDUÇÃO OU VIA CABO,61.9,https://cdn.xbzbrindes.com.br/img/produtos/3/Power-Bank-10-000mAh-comCarregamento-via-Inducao-ou-via-Cabo-PRETO-17908-1702556168.jpg,
XBZ Top10,"CAIXAS DE SOM, FONES E POWER BANK",Power Banks,09145,POWER BANK 10.000MAH COM CARREGAMENTO VIA INDUÇÃO OU VIA CABO,54.9,https://cdn.xbzbrindes.com.br/img/produtos/3/Power-Bank-10-000mAh-comCarregamento-via-Inducao-ou-via-Cabo-BRANCO-25096-1758228419.jpg,
XBZ Top10,"CAIXAS DE SOM, FONES E POWER BANK",Power Banks,08188,POWER BANK 10.000MAH COM INDICADOR LED,54.9,https://cdn.xbzbrindes.com.br/img/produtos/3/Power-Bank-10-000mAh-com-IndicadorLED-PRETO-22934-1744808851.jpg,
XBZ Top10,SACOLA DE ALGODÃO E TNT,Sacolas de Algodão e TNT,18537G,SACOLA EM TNT REVESTIDA C/ PLASTICO,4.5,https://cdn.xbzbrindes.com.br/img/produtos/3/Sacola-Em-TNT-PRETO-101111563800689.jpg,
XBZ Top10,SACOLA DE ALGODÃO E TNT,Sacolas de Algodão e TNT,13780,SACOLA TNT COM ALÇA ,1.7,https://cdn.xbzbrindes.com.br/img/produtos/3/Sacola-TNT-com-Alca-BRANCO-70751517403057.jpg,
XBZ Top10,SACOLA DE ALGODÃO E TNT,Sacolas de Algodão e TNT,13803N,SACOLA DE ALGODÃO,5.1,https://cdn.xbzbrindes.com.br/img/produtos/3/Sacola-de-Algodao-67181506952082.jpg,
XBZ Top10,SACOLA DE ALGODÃO E TNT,Sacolas de Algodão e TNT,18537P,SACOLA EM TNT REVESTIDA C/ PLASTICO,3.9,https://cdn.xbzbrindes.com.br/img/produtos/3/Sacola-TNT-Metalizada-DOURADO11265-1574780069.jpg,
XBZ Top10,SACOLA DE ALGODÃO E TNT,Sacolas de Algodão e TNT,13781N,SACOLA DE TNT,1.15,https://cdn.xbzbrindes.com.br/img/produtos/3/Sacola-de-TNT-PRETO-153141749562180.jpg,
XBZ Top10,SACOLA DE ALGODÃO E TNT,Sacolas de Algodão e TNT,04399,SACOLA DE ALGODÃO,7.2,https://cdn.xbzbrindes.com.br/img/produtos/3/Sacola-de-Algodao-BEGE-183841732305888.jpg,
XBZ Top10,KIT CHURRASCO E KIT VINHO,Kit Churrasco,07447,KIT CHURRASCO NO ESTOJO C/ 2 PÇS,16.9,https://cdn.xbzbrindes.com.br/img/produtos/3/Kit-churrasco-2-pecas-MARFIM-30901480014763.jpg,
XBZ Top10,KIT CHURRASCO E KIT VINHO,Kit Churrasco,01644,KIT CHURRASCO NA MALETA 4 PEÇAS ,55,https://cdn.xbzbrindes.com.br/img/produtos/3/1644-Kit-Churrasco-4-pecas545.jpg,
XBZ Top10,KIT CHURRASCO E KIT VINHO,Kit Churrasco,02250,KIT CHURRASCO 5 PEÇAS,45,https://cdn.xbzbrindes.com.br/img/produtos/3/Kit-Churrasco-5-Pecas-178241701372943.jpg,
XBZ Top10,KIT CHURRASCO E KIT VINHO,Kit Churrasco,18891,KIT CHURRASCO 3 PEÇAS,29.9,https://cdn.xbzbrindes.com.br/img/produtos/3/Kit-Churrasco-3-Pecas-217531733345718.jpg,
XBZ Top10,KIT CHURRASCO E KIT VINHO,Kit Churrasco,05184B,KIT CHURRASCO 8 PEÇAS,47.5,https://cdn.xbzbrindes.com.br/img/produtos/3/Kit-Churrasco-8-Pecas-PRETO-225101769094619.jpg,
XBZ Top10,KIT CHURRASCO E KIT VINHO,Kit Vinho,18621,SACA ROLHAS,3.9,https://cdn.xbzbrindes.com.br/img/produtos/3/Saca-Rolhas-2-Estagios-Metal-133621630336813.jpg,
XBZ Top10,KIT CHURRASCO E KIT VINHO,Kit Vinho,10071G,KIT VINHO CAIXA DE PAPELÃO 2 PEÇAS,13.5,https://cdn.xbzbrindes.com.br/img/produtos/3/Kit-Vinho-2-Pecas-236871751638798.jpg,
XBZ Top10,KIT CHURRASCO E KIT VINHO,Kit Vinho,03493,KIT VINHO P/ 1 GARRAFA,37.8,https://cdn.xbzbrindes.com.br/img/produtos/3/Kit-Vinho-4-Pecas-17354d21696361953.jpg,
XBZ Top10,KIT CHURRASCO E KIT VINHO,Kit Vinho,11871,KIT VINHO PLÁSTICO RESISTENTE 3 PEÇAS FORMATO GARRAFA ,20.9,https://cdn.xbzbrindes.com.br/img/produtos/3/Kit-Vinho-Garrafa-3-pecas-PRETO3596-1536942021.jpg,
XBZ Top10,KIT CHURRASCO E KIT VINHO,Kit Vinho,11870,KIT VINHO 5PÇS FORMATO GARRAFA,24.9,https://cdn.xbzbrindes.com.br/img/produtos/3/Kit-Vinho-Garrafa-5-pecas-PRETO3598-1536941653.jpg,
XBZ Top10,KIT CHURRASCO E KIT VINHO,Kit Vinho,12046,KIT VINHO XADREZ 4 PÇS,35,https://cdn.xbzbrindes.com.br/img/produtos/3/Kit-Vinho-Xadrez-4-pecas-PRETO3592-1538047737.jpg,
XBZ Top10,KIT CHURRASCO E KIT VINHO,Kit Vinho,10695,SACA ROLHAS METÁLICO,4.2,https://cdn.xbzbrindes.com.br/img/produtos/3/Saca-Rolhas-Metal-5491537012576.jpg,
XBZ Top10,MARMITAS E TÁBUAS DE MADEIRA,Marmitas,06090,MARMITA DUPLA FIBRA BAMBU,14.9,https://cdn.xbzbrindes.com.br/img/produtos/3/Marmita-dupla-Fibra-Bambu-BEGE18645-1711986509.jpg,
XBZ Top10,MARMITAS E TÁBUAS DE MADEIRA,Marmitas,06089,MARMITA FIBRA TRIGO,11.9,https://cdn.xbzbrindes.com.br/img/produtos/3/Marmita-Fibra-Trigo-BEGE-186201711986401.jpg,
XBZ Top10,MARMITAS E TÁBUAS DE MADEIRA,Marmitas,18857,MARMITA HERMÉTICA DE PALHA DE TRIGO,10.5,https://cdn.xbzbrindes.com.br/img/produtos/3/Marmita-Hermetica-de-Palha-deTrigo-BEGE-21200-1730918766.jpg,
XBZ Top10,MARMITAS E TÁBUAS DE MADEIRA,Marmitas,18858,MARMITA HERMÉTICA PLÁSTICA 1L,13.9,https://cdn.xbzbrindes.com.br/img/produtos/3/Marmita-Hermetica-Plastica-1LMARROM-21198-1730918851.jpg,
XBZ Top10,MARMITAS E TÁBUAS DE MADEIRA,Tábuas e Petisqueiras,18584B,TÁBUA DE CORTE COM CANALETA,9,https://cdn.xbzbrindes.com.br/img/produtos/3/Tabua-de-Corte-com-Canaleta-210141728391199.jpg,
XBZ Top10,MARMITAS E TÁBUAS DE MADEIRA,Tábuas e Petisqueiras,18591B,TÁBUA DE CORTE COM CANALETA,9.9,https://cdn.xbzbrindes.com.br/img/produtos/3/Tabua-de-Corte-com-Canaleta-224921740671360.jpg,
XBZ Top10,MARMITAS E TÁBUAS DE MADEIRA,Tábuas e Petisqueiras,18599,TÁBUA DE CORTE COM CANALETA 34X24,13.9,https://cdn.xbzbrindes.com.br/img/produtos/3/Tabua-de-Corte-com-Canaleta-128381618515414.jpg,
XBZ Top10,MARMITAS E TÁBUAS DE MADEIRA,Tábuas e Petisqueiras,18629,KIT QUEIJO 2 PEÇAS + TÁBUA REDONDA,31.2,https://cdn.xbzbrindes.com.br/img/produtos/3/Kit-Queijo-3-Pecas-MADEIRA-138161731353805.jpg,
XBZ Top10,GUARDA-CHUVAS,Guarda-Chuvas,02075,GUARDA-CHUVA,13.5,https://cdn.xbzbrindes.com.br/img/produtos/3/Guarda-chuva-LARANJA-70421516131115.jpg,
XBZ Top10,GUARDA-CHUVAS,Guarda-Chuvas,05198,GUARDA-CHUVA MANUAL,9.9,https://cdn.xbzbrindes.com.br/img/produtos/3/Guarda-Chuva-Manual-PRETO-186181712672155.jpg,
XBZ Top10,GUARDA-CHUVAS,Guarda-Chuvas,05044,GUARDA-CHUVA AUTOMÁTICO,20.5,https://cdn.xbzbrindes.com.br/img/produtos/3/Guarda-chuva-Automatico-comProtecao-UV-MARROM-15886-1676493161.jpg,
XBZ Top10,GUARDA-CHUVAS,Guarda-Chuvas,02078,GUARDA-CHUVA INVERTIDO,29.5,https://cdn.xbzbrindes.com.br/img/produtos/3/Guarda-chuva-Invertido-70501516276822.jpg,
XBZ Top10,GUARDA-CHUVAS,Guarda-Chuvas,05045,GUARDA-CHUVA MANUAL COM PROTEÇÃO UV,20.3,https://cdn.xbzbrindes.com.br/img/produtos/3/Guarda-chuva-Manual-com-ProtecaoUV-LARANJA-15881-1760104920.jpg,
XBZ Top10,GUARDA-CHUVAS,Guarda-Chuvas,06063,GUARDA-CHUVA AUTOMÁTICO,20.9,https://cdn.xbzbrindes.com.br/img/produtos/3/Guarda-chuva-Automatico-PRETO18612-1712003702.jpg,